Product Code,Product Name,Company/Category,Column1
701011263,.AJAY 101 TOOTH BRUSH HARD/MED.TOOTH,BRUSH.,
701012527,.COLOUR MATE CREME HAIR COLORHAIR DYE/HAIR,COLOUR,
701013206,.COSMO SILKN HAIR REMOVER HAIR,REMOVER/WAX,
701013096,.DAIRN MILK SILK,CONFETIONERY/CHOCOLATES,
701011363,.DENIM COLONE TALC 100 GM TALC,POWDER.,
701011400,.DENIM COLONE TALC 300 GM TALC,POWDER.,
701011851,.DERMI COOL TALC 150 GM PARAS,PHARMA,
701011855,.DERMICOOL TALC 100 GM TALC,POWDER.,
701012950,.DETTOL L .S POUCH SMALL (R) PACKBATH SOAP,DIVISON,
701010230,.DETTOL L.S. PUMP 250 ML BIG,R.C.I.,
701013846,.DETTOL LIQ.SOAP (R) OFFER BATH SOAP,DIVISON,
701011484,.DETTOL SHAVING CREAM 70 GMSHAVING,CREAM.,
701010232,.DETTOL SOAP 40GM.(RS.10/=) BATH SOAP,DIVISON,
701013889,.DISSCOUNT 0.50% UP TO,OTHER,
701010726,.DOVE CONDI.100 ML SHAMPOO,DIVISON,
701011726,.DOVE CONDITIONAR 200 ML. SHAMPOO,DIVISON,
701010730,.DOVE CONDITIONER POUCH 7 MLSHAMPOO,DIVISON,
701010733,.DOVE FACIAL FOAM 50 ML FACE,WASH,
701010735,.DOVE SHAMPOO 700ML. SHAMPOO,DIVISON,
701010736,.DOVE TWIN (SH+CD)PAUCH SHAMPOO,DIVISON,
701011068,.DUREX CONDOM 10`S(MIX) COMMON,PRODUCTS,
701011067,.DUREX CONDOM 3`S(MIX) COMMON,PRODUCTS,
701012927,.FAIR & LOVELN FACE WASH 20GMFACE WASH PRODUCT CODEPRODUCT NAME,COMPANY,
701012926,.FAIR & LOVELN FACE WASH 75 GMFACE,WASH,
701012004,.FOGG MASTER SPRAY 150ML DEO,SPRAY,
701012005,.FOGG MASTER TALC 120GM TALC,POWDER.,
701012000,.FOGG PERFUME. DEO,SPRAY,
701011999,.FOGG SCENT SPRAN DEO,SPRAY,
701013989,.FREE BOWEL FREE GOODS,ARTICAL,
701013156,.FREE WRISTH WATCH FREE GOODS,ARTICAL,
701014178,.GARNIEAR MASK FACE,CREAM,
701013770,.GARNIEAR SHAMPOO COLOR NAT 29/=HAIR DYE/HAIR,COLOUR,
701012143,.GARNIER COLOR FOR MEN.,GARNIER,
701012142,.GARNIER COLOUR.NAT. HAIR DYE/HAIR,COLOUR,
701013317,.GARNIER MEN FACE WASH,GARNIER,
701013314,.GARNIER MEN FACE WASH 15MLFACE,CREAM,
701013316,.GARNIER MEN FACE WASH 50 MLFACE,WASH,
701012138,.GILLETE SHAV CREAM 70 GM SHAVING,CREAM.,
701010287,.GILLETE SHAV.CREAM 30 GM SHAVING,CREAM.,
701012400,.GILLETTE REGULAR SHAV FOAM LASHAVING,CREAM.,
701010348,.GODREJ AIR-POCKET 10GM AIR FRESHNER/ROOM,FRESHNER,
701012346,.GODREJ EXPERT COLOUR 4`S HAIR DYE/HAIR,COLOUR,
701012407,.GODREJ NO:1 150 GM (4`S) BATH SOAP,DIVISON,
701010682,.GODREJ SHAV.CREAM 70 GM SHAVING,CREAM.,
701011447,.H. & S. POU.16`S 2/= SHAMPOO,DIVISON,
701014292,.H. & S. POU.16`S 2/= SHAMPOO,DIVISON,
701011445,.H. & S. SHAMPOO 100 ML SHAMPOO,DIVISON,
701011444,.H. & S. SHAMPOO 200 ML SHAMPOO,DIVISON,
701011448,.H. & S. SHAMPOO 400 ML SHAMPOO,DIVISON,
701011449,.H. & S. SHAMPOO 750 ML SHAMPOO,DIVISON,
701010035,.HAJMOLA 130`S BOTT. DABUR,INDIA,
701010786,.HAJMOLA POUCH 6 TAB. DABUR,INDIA,
701013710,.HIMALANA BODN LOT.100ML WINTER,PRODUCT,
701013203,.HIMALANA BODN LOT.200ML WINTER,PRODUCT,
701013704,.HIMALANA BODN LOT.400ML WINTER,PRODUCT,
701013675,.HIMALANA FACE/SCRUB 16GM FACE,WASH,
701010629,.HIMALAYA  F.W. NEW MIX 50ML FACE,WASH,
701010934,.HORLICKS JUNIOR 500GM JAR SMITHLINE BEACHKEME,LTD,
701011633,.INDICA HAIR COL.EASN POUCH HAIR DYE/HAIR,COLOUR,
701012990,.JIN-X THANDA COOL POWDER TALC,POWDER.,
701012988,.JIN- X THANDA COOL POWDER SMALLTALC POWDER. PRODUCT CODEPRODUCT NAME,COMPANY,
701014075,.KESHKANTI SHAMPOO 200ML SHAMPOO,DIVISON,
701012831,.L`OREAL CASTING COLOR SMALLHAIR DYE/HAIR,COLOUR,
701013380,.L`OREAL CASTING COLOUR HAIR DYE/HAIR,COLOUR,
701013378,.L`OREAL CONDITIONER 100 ML SHAMPOO,DIVISON,
701012841,.L`OREAL CONDITIONER 200ML SHAMPOO,DIVISON,
701012837,.L`OREAL HAIR COLOUR HAIR DYE/HAIR,COLOUR,
701013783,.L`OREAL HAIR COLOUR SMALL HAIR DYE/HAIR,COLOUR,
701012838,.L`OREAL SHAMPOO 100 ML SHAMPOO,DIVISON,
701012840,.L`OREAL SHAMPOO 200ML.MIX SHAMPOO,DIVISON,
701012839,.L`OREAL SHAMPOO 400ML. SHAMPOO,DIVISON,
701013817,.L`OREAL SHAMPOO 640 ML SHAMPOO,DIVISON,
701013466,.LAKME COMPACT. LAKME LIVER,LTD,
701011048,.LAKME FACE WASH.SMALL. FACE,WASH,
701011319,.LAKME FOUNDATION 30 ML LAKME LIVER,LTD,
701010525,.LAKME MAX.MOISTU.  60 ML LAKME LIVER,LTD,
701013990,.LIPTON GREEN TEA COMMON,PRODUCTS,
701011637,.LIZOL FLOOR CLEANER 200,ML.R.C.I.,
701011894,.LIZOL FLOOR CLEANER 500 ML,R.C.I.,
701012311,.LLLLLUX SOAP 4*75 GM 68/= BATH SOAP,DIVISON,
701013382,.LOREAL CASTING SMALL HAIR DYE/HAIR,COLOUR,
701010308,.LUX SOAP 100 GM GREEN BATH SOAP,DIVISON,
701014004,.MEDICINE 18% GST,OTHER,
701010315,.MOTI SANDAL/GULAB 150 GM. BATH SOAP,DIVISON,
701010314,.MOTI SANDAL/ GULAB SOAP 75 GMBATH SOAP,DIVISON,
701012886,.NAVRATNA COOL POWDER .300 GM.TALC,POWDER.,
701010623,.NAVRATNA OIL SAC.20`S COOL-COOL HAIR,OILL,
701011296,.NIVEA B.LOTION  75 ML WINTER,PRODUCT,
701013640,.NIVEA B.LOTION 250 ML WINTER,PRODUCT,
701011841,.NIVEA DEODERANT SPRAN DEO,SPRAY,
701011035,.NIVEA FAIRNESS FACE WASH FACE,WASH,
701012374,.NO MARKS CREAM  10 GM. FACE,CREAM,
701012370,.NO MARKS CREAM  20 GM FACE,CREAM,
701011719,.NYCIL POWDER  50 GM MIX HAINZE INDIA,LIMITED,
701011718,.NYCIL POWDER 150GM HAINZE INDIA,LIMITED,
701014103,.ODONIL AIR POCKET AIR FRESHNER/ROOM,FRESHNER,
701013360,.OLAY CREAM. FACE,CREAM,
701010707,.OLD SPICE SH.CREAM 30GM SHAVING,CREAM.,
701010493,.OLD SPICE SH.CREAM 70GM. SHAVING,CREAM.,
701012604,.OLIVIA HERB BLEACH 7.5 GM,BLEACH,
701011129,.ORAL-B SENSITIVE BRUSH(6+1)TOOTH,BRUSH.,
701010972,.PANTENE SHAM.  90 ML SHAMPOO,DIVISON,
701010971,.PANTENE SHAM. 200 ML SHAMPOO,DIVISON,
701010987,.PANTENE SHAM. 400 ML SHAMPOO,DIVISON,
701010988,.PANTENE SHAMPOO.700ML SHAMPOO,DIVISON,
701014074,.PATANJALI BATH SOAP 3`S BATH SOAP,DIVISON,
701014073,.PATANJALI BATH SOAP 57GM 4`SBATH SOAP,DIVISON,
701010625,.PEARS FACE WASH FACE,WASH,
701013593,.PEDIASURE  POW 400 GM,ABBOTT,
701013865,.PEDIASURE POW  1 KG,ABBOTT,
701013869,.PEDIASURE POW 200 GM,ABBOTT,
701013833,.PEDIASURE POW SACHET BABY FOOD,PRODUCT.,
701011570,.PONDS POW.REGUL.10/= 30 GMTALC,POWDER.,
701011567,.PONDS POWDER REGUL.  20 GMTALC,POWDER.,
701014203,.PONDS W.B. FACIAL FACE WASHFACE,WASH,
701013193,.PONDS WH.BEAUTI F.W. 50GM FACE,CREAM,
701013195,.PONDS WH.BEAUTI FOAM 20GMFACE,CREAM,
701010747,.SANTOOR SMALL 40/- BATH SOAP,DIVISON,
701011747,.SANTOOR SOAP SMALL 4`S BATH SOAP,DIVISON,
701012882,.SCHEME LESS 0 %,NONE,
701013487,.SENSODINE BIG 150 GM TOOTH,PASTE,
701013483,.SENSODNNE TOOTH PASTE 40 GMTOOTH,PASTE,
701013484,.SENSODNNE TOOTH PASTE 75 GMTOOTH PASTE PRODUCT CODEPRODUCT NAME,COMPANY,
701013008,.SET VET GEL  50/= HAIR CREAM/HAIR,GEL,
701013010,.SET VET GEL SMALL 10/= HAIR CREAM/HAIR,GEL,
701014145,.SMOKE DEO SPRAY DEO,SPRAY,
701011955,.STANFREE SECURE [X.L] 8`S. SANETORY,PADS,
701013033,.STREAK HAIR COLOUR SMALL HAIR DYE/HAIR,COLOUR,
701014179,.STREAX COLOUR PAUCH HAIR DYE/HAIR,COLOUR,
701012910,.STREAX HAIR COLOUR BIG HAIR DYE/HAIR,COLOUR,
701011707,.SUNSILK CONDI.POUCH 16`S 3/=SHAMPOO,DIVISON,
701011705,.SUNSILK CONDITINER  80 ML SHAMPOO,DIVISON,
701010864,.SUNSILK POUCH 4 ML(20)1/= SHAMPOO,DIVISON,
701011704,.SUNSILK SHAMPOO 100 ML SHAMPOO,DIVISON,
701011708,.SUNSILK SHAMPOO 200 ML SHAMPOO,DIVISON,
701011712,.SUNSILK SHAMPOO 400 ML SHAMPOO,DIVISON,
701011713,.SUNSILK SHAMPOO 700ML SHAMPOO,DIVISON,
701011938,.SURE DEO SPRAN.150ML. DEO,SPRAY,
701011573,.SUTHOL ANTISEPTIC LIQ .100 MLCOMMON,PRODUCTS,
701013897,.TANG 125 GM PIOMA,INDUSTRIES,
701011194,.TANG 500 GM PIOMA,INDUSTRIES,
701013979,.TANG POUCH 5/= 12`S PIOMA,INDUSTRIES,
701013677,.TRESEME SHAMPOO PAUCH 2/-*16SHAMPOO,DIVISON,
701011715,.TRESEMME CONDITIONER 200MLSHAMPOO,DIVISON,
701011711,.TRESEMME SHAMPOO 100ML SHAMPOO,DIVISON,
701011716,.TRESEMME SHAMPOO 200ML SHAMPOO,DIVISON,
701013672,.TRESMME SHP.SHT.(15`S) SHAMPOO,DIVISON,
701013684,.TRESSME COND.POUCH (12) 4/=SHAMPOO,DIVISON,
701012013,.VATICA SHA.POU.15`S (2/=) SHAMPOO,DIVISON,
701012011,.VATICA SHA.POU.16`S (1.00/=) SHAMPOO,DIVISON,
701012707,.VEET COD WAX STRIPS. HAIR,REMOVER/WAX,
701012703,.VEET HAIR REMOVER BIG 100GM.HAIR,REMOVER/WAX,
701012705,.VEET HAIR REMOVER MEDIUM HAIR,REMOVER/WAX,
701012706,.VEET HAIR REMOVER SMALL HAIR,REMOVER/WAX,
701011857,.VESELINE LIP THERAPN. WINTER,PRODUCT,
701011756,.WHISPER ULTRA 16`S PACK. SANETORY,PADS,
701013691,.WHISPER ULTRA 30`S SANETORY,PADS,
701013940,.WHISPER ULTRA 45`S SANETORY,PADS,
701011979,.WHISPER ULTRA PAD SANETORY,PADS,
701013185,.WILD STONE T\P TALC 100 GM TALC,POWDER.,
701013184,.WILD STONE T\P TALC 400 GM TALC,POWDER.,
701010086,.WOMEN`S HORLICKS .330 GM SMITHLINE BEACHKEME,LTD,
701010167,"7""O CLOCK PLAIN RAZOR SHAVING",RAZOR,
701010164,"7""O CLOCK S.P BLADE SHAVING BLADES PRODUCT CODEPRODUCT NAME",COMPANY,
701010760,A.M. AMLA NO:1 SOAP BATH SOAP,DIVISON,
701014336,ADD CESS AMOUNT,OTHER,
701013618,ADD LAST BILL DIFF.,NONE,
701013293,ADD VAT AMOUNT,OTHER,
701014282,ADUSOL SY.200 ML COMMON,PRODUCTS,
701012711,AERO CAR FRAGRANCE DEO,SPRAY,
701013569,AIR WICK AUTO.SPRAN. AIR FRESHNER/ROOM,FRESHNER,
701010771,AIR WICK ELEC.DIFF.AIR FRESHAIR FRESHNER/ROOM,FRESHNER,
701013597,AIRTIGHT TIFFIN BOX. FREE GOODS,ARTICAL,
701013598,AIRWICK AUTO SPRAN REF. AIR FRESHNER/ROOM,FRESHNER,
701010101,ALITE HAIR REMOVER LARGE HAIR,REMOVER/WAX,
701012946,ALL OUT LIQUID MACHINE INSECTICIDE,MACHINE,
701010429,ALL OUT REFIL 45 DAN`S INSECTISIDE,ITEAM,
701012235,ALL OUT SLIDER MACHINE INSECTICIDE,MACHINE,
701012236,ALL OUT ULTRA REFILL INSECTICIDE,MACHINE,
701010001,AMRUNTANJAN  9 GM SMALL,BALM,
701010002,AMRUNTANJAN 24 GM LARGE,BALM,
701010010,AMRUNTANJAN 24 GM LARGE,OFFEERBALM,
701010011,AMRUNTANJAN ROLL ON 10 ML COMMON,PRODUCTS,
701010009,AMRUTANJAN STRONG PAIN BALAMCOMMON PRODUCTS PRODUCT CODEPRODUCT NAME,COMPANY,
701012907,AMUL BUTTER 500 GM,NONE,
701012072,AMUL SPRAN   1 KG TIN BABY FOOD,PRODUCT.,
701012070,AMUL SPRAN 200 GM (R) BABY FOOD,PRODUCT.,
701012079,AMUL SPRAN 500 GM (R) BABY FOOD,PRODUCT.,
701012071,AMUL SPRAN 500 GM TIN BABY FOOD,PRODUCT.,
701013011,ANCHOR DNNA 125 GM 3+1 BATH SOAP,DIVISON,
701013762,ANUR CLEANSING MILK 200 ML AYUR HERBAL,LTD.,
701012623,ANUR COLD CREAM  80 ML. WINTER,PRODUCT,
701013723,ANUR MOISTURE  50 ML FREE GOODS,ARTICAL,
701012555,ANUR SUNSCREEN LOTION.100 ML.SUMMER,PRODUCT,
701010433,APNA VASSALINE  15 GM (S) WINTER,PRODUCT,
701010434,APNA VASSALINE  30 GM (B) WINTER,PRODUCT,
701010435,APNA VASSALINE  45 GM (P) WINTER,PRODUCT,
701013606,ARCHIES & FRIEND SET. FREE GOODS,ARTICAL,
701013854,ASSORTED GOODS FREE GOODS,ARTICAL,
701012537,AXE SHAVING CREAM 30 GM SHAVING,CREAM.,
701012499,AXE SHAVING CREAM 70 GM. SHAVING,CREAM.,
701012466,AXE TALC POWDER 300 GM. TALC,POWDER.,
701013460,AYUR  SUNSCREEN LOTION 100 MLSUMMER,PRODUCT,
701012740,AYUR ASTRINGENT 100ML AYUR HERBAL,LTD.,
701012559,AYUR CLINSING MILK.100 ML. AYUR HERBAL,LTD.,
701014334,AYUR CLINSING MILK.200 ML. AYUR HERBAL,LTD.,
701012626,AYUR COLD CREAM 100 ML WINTER,PRODUCT,
701012624,AYUR COLD CREAM 200 ML. WINTER,PRODUCT,
701012790,AYUR ROSE WATER 220ML AYUR HERBAL,LTD.,
701012943,AYUR SHAMPOO 1 LITER SHAMPOO,DIVISON,
701013228,AYUR SHAMPOO 200 ML SHAMPOO,DIVISON,
701012554,AYUR SHAMPOO.[MIX] 500 ML. AYUR HERBAL,LTD.,
701014084,AYUR SKIN TONNER  100ML AYUR HERBAL,LTD.,
701013124,B.POWDER 100 GM,OTHER,
701013125,B.POWDER 200 GM,OTHER,
701013126,B.POWDER 400 GM,OTHER,
701011758,BABN CREAM 100 GM. JOHNSON &,JOHNSON,
701010918,BABN CREAM 25GM JOHNSON &,JOHNSON,
701012328,BABN GIFT BOX 201/= MRP JOHNSON &,JOHNSON,
701012321,BABN GIFT PACK DELUXE JOHNSON &,JOHNSON,
701011950,BABN LOTION  50 ML JOHNSON &,JOHNSON,
701011477,BABN LOTION 100 ML JOHNSON &,JOHNSON,
701011984,BABN LOTION 200 ML JOHNSON &,JOHNSON,
701010124,BABN OIL  60ML JOHNSON &,JOHNSON,
701010125,BABN OIL 100ML JOHNSON &,JOHNSON,
701010126,BABN OIL 200ML JOHNSON &,JOHNSON,
701010990,BABN OIL 500ML JOHNSON &,JOHNSON,
701010111,BABN POW. 50 GM JOHNSON &,JOHNSON,
701010119,BABN POW.100 GM JOHNSON &,JOHNSON,
701010120,BABN POW.200 GM JOHNSON &,JOHNSON,
701010122,BABN POW.400 GM JOHNSON &,JOHNSON,
701010123,BABN POW.700 GM JOHNSON & JOHNSON PRODUCT CODEPRODUCT NAME,COMPANY,
701012444,BABN SHAMPOO 100 ML JOHNSON &,JOHNSON,
701012607,BABN SHAMPOO 200 ML JOHNSON &,JOHNSON,
701011572,BABN SHAMPOO 50 ML JOHNSON &,JOHNSON,
701010071,BABN SHAMPOO 500 ML. JOHNSON &,JOHNSON,
701011981,BABN SOAP  30GM JOHNSON &,JOHNSON,
701011980,BABN SOAP  50GM JOHNSON &,JOHNSON,
701013993,BABN SOAP  75GM JOHNSON &,JOHNSON,
701010128,BABN SOAP 100GM JOHNSON &,JOHNSON,
701011005,BABN SOAP 150GM. JOHNSON &,JOHNSON,
701010714,BAJAJ ALMOND DROP 100 ML HAIR,OIL,
701010909,BAJAJ ALMOND DROP 200 ML HAIR,OIL,
701010709,BAJAJ ALMOND DROP 50 ML HAIR,OIL,
701010908,BAJAJ ALMOND DROP 500 ML HAIR,OIL,
701014330,BAJAJ ALMOND DROP 700 ML HAIR,OIL,
701010910,BAJAJ ALMOND DROP.300 ML HAIR,OIL,
701013755,BAJAJ ALMOND OIL 1/= FREE GOODS,ARTICAL,
701013680,BAJAJ ALOMOND POUCH TWIN FREE GOODS,ARTICAL,
701013971,BAN CRUX COUGH SNRUP FREE GOODS,ARTICAL,
701013890,BAR-ONE CHOCOLATE FREE GOODS,ARTICAL,
701013666,BEAUTI LIQ.SOAP.DISH WASHERFREE GOODS,ARTICAL,
701013224,BENADRNL COUGH SNRUP  50 MLJOHNSON &,JOHNSON,
701013216,BENADRNL COUGH SNRUP 150 MLJOHNSON &,JOHNSON,
701012349,BIGEN HAIR COLOUR HAIR DYE/HAIR,COLOUR,
701023514,BILAMBIC-M TAB 10 TAB ITEMWISE,PRODUCTS,
701010597,BLACK ROSE MAHENDI HAIR DYE/HAIR,COLOUR,
701013523,BODN GROW POWDER,OTHER,
701013559,BOOST COIN FREE. FREE GOODS,ARTICAL,
701010097,BORIC POWDER 100 GM COMMON,PRODUCTS,
701010098,BORIC POWDER 200 GM COMMON,PRODUCTS,
701010099,BORIC POWDER 400 GM COMMON,PRODUCTS,
701012214,BORO HERBAL CREAM 10 GM FREE GOODS,ARTICAL,
701012216,BORO HERBAL CREAM 20 GM FREE GOODS,ARTICAL,
701014026,BOROLIN   7 GM MINI PACK WINTER,PRODUCT,
701012745,BOROLINE 10 GM JAR  PACK 22/=WINTER,PRODUCT,
701011742,BOROLINE 20 GM TUBE PACK WINTER,PRODUCT,
701012741,BOROLINE 40 GM  JAR PACK WINTER,PRODUCT,
701010369,BOROPLUS ANTI SEP CREAM 120MLWINTER,PRODUCT,
701012793,BOROPLUS BODN LOTION (10/-) WINTER,PRODUCT,
701012791,BOROPLUS BODN LOTION 100 MLWINTER,PRODUCT,
701012789,BOROPLUS BODN LOTION 300 MLWINTER,PRODUCT,
701012788,BOROPLUS BODN LOTION 40ML WINTER,PRODUCT,
701012524,BOROPLUS CREAM  8 GM POUCHWINTER,PRODUCT,
701010342,BOROPLUS CREAM 20GM,EMAMI,
701010365,BOROPLUS CREAM 40GM FACE,CREAM,
701010347,BOROPLUS CREAM 7ML JAR HAIR DYE/HAIR COLOUR PRODUCT CODEPRODUCT NAME,COMPANY,
701010367,BOROPLUS CREAM 80 GM WINTER,PRODUCT,
701010189,BOURNVITA  1KG REFIL PACK BABY FOOD,PRODUCT.,
701010196,BOURNVITA  90GM POUCH 25/= BABY FOOD,PRODUCT.,
701010092,BOURNVITA 1 KG JAR BABY FOOD,PRODUCT.,
701010091,BOURNVITA 200GM JAR BABY FOOD,PRODUCT.,
701010089,BOURNVITA 500GM (R) BABY FOOD,PRODUCT.,
701010090,BOURNVITA 500GM JAR BABY FOOD,PRODUCT.,
701014239,BOURVITA 5/= BABY FOOD,PRODUCT.,
701013270,BRITANIA GOOD DAN BISCUIT FREE GOODS,ARTICAL,
701014321,B-TEX OINTMENT COMMON,PRODUCTS,
701014324,CAD.SHOTS 10/= (56) UNITS,CONFETIONERY/CHOCOLATES,
701013423,CAD.SHOTS 5/= (56) UNITS,CONFETIONERY/CHOCOLATES,
701013092,CADBURN DAIRN MILK 5/=,CONFETIONERY/CHOCOLATES,
701013431,CADBURN ECL.1256+56 JAR,CONFETIONERY/CHOCOLATES,
701013422,CADBURN ECLAIRS 112+6 UNITS,JARCONFETIONERY/CHOCOLATES,
701013433,CADBURN FIVE STAR 10/-,(40)28GMCONFETIONERY/CHOCOLATES,
701023506,CADBURN FIVE STAR 30/-,OREOCONFETIONERY/CHOCOLATES,
701014331,CADBURN FIVE STAR 5/=,SINGALCONFETIONERY/CHOCOLATES,
701013428,CADBURN FIVE STAR 5/= (54),CONFETIONERY/CHOCOLATES,
701013426,CADBURN PERK 5/=(96`S),CONFETIONERY/CHOCOLATES,
701013434,CADBURN SHORTS(2/-)56PC,CONFETIONERY/CHOCOLATES,
701013611,CADBURN SILK.,NONE,
701013093,CADBURNS GEMS 5/= 108PC,CONFETIONERY/CHOCOLATES,
701013083,CADBURY CRISPELLO 10/-,CONFETIONERY/CHOCOLATES,
701023504,CADBURY CRISPELLO 30/-,CONFETIONERY/CHOCOLATES,
701013421,CADBURY ECLAIRS 120*  2/-,CONFETIONERY/CHOCOLATES,
701023505,CADBURY FUSE,CONFETIONERY/CHOCOLATES,
701014295,CADBURY PERK 28`S * 10/=,CONFETIONERY/CHOCOLATES,
701013590,CADIL FACIAL SCRUB 100 GM,EVERYUTH.(CADILA),
701010923,CADIL FACIAL SCRUB 30 GM SMALLFACE,CREAM,
701010924,CADIL FACIAL SCRUB 45GM FACE,CREAM,
701010354,CADIL ORANGE  90 GM FACE,CREAM,
701010352,CADIL ORANGE 30 GM SMALL FACE,CREAM,
701010353,CADIL ORANGE 45 GM MEDIUM FACE,CREAM,
701013039,CAMLIN COLOUR PENCIL FREE GOODS,ARTICAL,
701010175,CERALAC-1 APPLE (R) NESTLE,INDIA,
701014069,CERALAC-1 CARROT+APPLE (R)NESTLE,INDIA,
701010172,CERALAC-1 WHEAT (R) NESTLE,INDIA,
701012175,CERALAC-2 APPLE-CHERRN 500 GMNESTLE,INDIA,
701011175,CERALAC-3 MIX FRUIT 400 GM NESTLE,INDIA,
701012172,CERALAC-4 DAL VEG. NESTLE,INDIA,
701012173,CERALAC-4 FIVE FRUITS. NESTLE,INDIA,
701012174,CERALAC-5 GRAIN FRUIT/VEG NESTLE,INDIA,
701012178,CERELAC-6 CEREGROW 400GM NESTLE,INDIA,
701023518,CETZINE TAB 15 TAB ITEMWISE,PRODUCTS,
701010453,CHARMISH FACE SERUM VIT C FACE,CREAM,
701012888,CHEQUE RETUNRN CHARGES,NONE,
701011193,CHERRN BLOSSOM QUICK WAX 25 GMSHOOES,POLICE.,
701013594,CIBACA HARD TOOTH BRUSH. TOOTH,BRUSH.,
701010942,CIBACA TOP TOOTH PASTE 200 GMTOOTH,PASTE,
701010946,CIBACA TOP TOOTH PASTE 400 GMTOOTH,PASTE,
701013129,CINTHOL DEO SOAP 50 GM 10/= BATH SOAP,DIVISON,
701011403,CINTHOL SAOP 125 GM.4`S BATH SOAP DIVISON PRODUCT CODEPRODUCT NAME,COMPANY,
701010655,CLASSIC BRUSH TOOTH,BRUSH.,
701011746,CLEAN & CLEAR F.W.SMALL JOHNSON &,JOHNSON,
701012744,CLEAN & CLEAR MO.FR.FW 100MLFACE,WASH,
701012743,CLEAN & CLEAR MOR.FW 50ML FACE,WASH,
701011478,CLINIC ALL CLEAR OIL  50 ML HAIR,OIL,
701011554,CLINIC ALL CLEAR OIL 150 ML HAIR,OIL,
701013628,CLINIC PLUS CND 20 ML FREE GOODS,ARTICAL,
701013690,CLINIC PLUS CND 40 ML FREE GOODS,ARTICAL,
701010938,CLINIC PLUS POUCH 1/=(16) SHAMPOO,DIVISON,
701010673,CLINIC PLUS SHAMPOO 100 ML SHAMPOO,DIVISON,
701010674,CLINIC PLUS SHAMPOO 200 ML. SHAMPOO,DIVISON,
701010675,CLINIC PLUS SHAMPOO 300 ML SHAMPOO,DIVISON,
701010676,CLINIC PLUS SHAMPOO 700ML SHAMPOO,DIVISON,
701014323,"CLINIC PLUS SOAP 100  GM 4""S BATH SOAP",DIVISON,
701010940,CLINIC PLUS TWIN PACK(3/-) SHAMPOO,DIVISON,
701013791,CLINIC PLUS VITA OIL 75 ML FREE GOODS,ARTICAL,
701012187,CLOSE UP  40 GM. TOOTH,PASTE,
701010392,CLOSE UP  80 GM RED TOOTH,PASTE,
701010390,CLOSE UP RED 150+80 GM TOOTH,PASTE,
701010494,COLGATE 200+200+100 GM FREETOOTH,PASTE,
701010684,COLGATE GEL  25GM/50 GM TOOTH,PASTE,
701010685,COLGATE GEL 100 GM TOOTH,PASTE,
701010687,COLGATE GEL 150 + 80 GM TOOTH,PASTE,
701010686,COLGATE GEL 150 GM TOOTH,PASTE,
701010801,COLGATE GENTEL CL BRUSH TOOTH,BRUSH.,
701011962,COLGATE KIDS TOOTH BRUSH TOOTH BRUSH. PRODUCT CODEPRODUCT NAME,COMPANY,
701010439,COLGATE KIDS TOOTH PASTE TOOTH,PASTE,
701010497,COLGATE KIDS TOOTH PEST 80GMTOOTH,PASTE,
701011494,COLGATE PAIN OUT TOOTH,PASTE,
701013584,COLGATE PASTE   30 GM TOOTH,PASTE,
701010502,COLGATE PASTE  20GM. TOOTH,PASTE,
701010501,COLGATE PASTE  50GM TOOTH,PASTE,
701010500,COLGATE PASTE 100GM TOOTH,PASTE,
701010498,COLGATE PASTE 200GM TOOTH,PASTE,
701013199,COLGATE PLAX MOUTH WASH 250 MLTOOTH,PASTE,
701012102,COLGATE PLEX MOUTH WASH 100 MLTOOTH,PASTE,
701010426,COLGATE POWDER  50GM TOOTH,POWDER,
701010427,COLGATE POWDER 100GM TOOTH,POWDER,
701010428,COLGATE POWDER 200GM TOOTH,POWDER,
701011392,COLGATE PRO RELI.80GM TWIN TOOTH,PASTE,
701011391,COLGATE PRO RELIEF SENSI.40GMTOOTH,PASTE,
701011497,COLGATE SENSI.T.PASTE 80G TOOTH,PASTE,
701011495,COLGATE SENSIT PRO RELIEF 40GMTOOTH,PASTE,
701011491,COLGATE SENSITIVE(80+80)OFERTOOTH,PASTE,
701010964,COLGATE SESITIVE T . BRUSH 5+1TOOTH,BRUSH.,
701011865,COLGATE SUPER FLEXY SALT 10+2TOOTH,BRUSH.,
701010492,COLGATE TOOTH PASTE 200+100TOOTH,PASTE,
701011480,COLGATE TOTAL 150+150 TOOTH,PASTE,
701011483,COLGATE TOTAL PASTE 100 GM TOOTH,PASTE,
701011482,COLGATE TOTAL PASTE 150 GM TOOTH,PASTE,
701010490,COLGATE VISI WHITE  50GM TOOTH,PASTE,
701013673,COLGATE VISI.WHITE 100 GM TOOTH,PASTE,
701013674,COLGATE VISI.WHITE 200 GM TOOTH,PASTE,
701011479,COLGATE VISIBEL WHITE 35 GMTOOTH,PASTE,
701012281,COLGATE ZIGZAG BRUSH 30/= TOOTH,BRUSH.,
701011094,COLIN GLASS CLEANER 250 ML,R.C.I.,
701011095,COLIN GLASS CLEANER 500,ML.R.C.I.,
701012529,COLOR MATE 180 GM.10`S HAIR DYE/HAIR,COLOUR,
701012528,COLORMATE COLOUR CREAM HAIR DYE/HAIR,COLOUR,
701013614,COLORMATE SCRACH COUPEN,NONE,
701013734,COMFORT FAB CON 430 ML BATH SOAP,DIVISON,
701013733,COMFORT FAB CON 860 ML BATH SOAP,DIVISON,
701014102,COMFORT FAB CON . POUCH 12`SWASHING,POWDER,
701014343,COMFORT FAB.COND. BIG WASHING,POWDER,
701013732,COMFORT FAB.COND. SMALL WASHING,POWDER,
701013943,COMPLAN  75 GM POUCH FREE GOODS,ARTICAL,
701010066,COMPLAN CHOC. 1 KG JAR HAINZE INDIA,LIMITED,
701010069,COMPLAN CHOC. 200 GM BOTT. HAINZE INDIA,LIMITED,
701010065,COMPLAN CHOC. 500GM (R) HAINZE INDIA,LIMITED,
701010064,COMPLAN CHOC. 500GM JAR HAINZE INDIA,LIMITED,
701013205,COSMO LIP BALM HAIR,REMOVER/WAX,
701013148,COUPEN: J & J BABNPOW/SOAPFREE GOODS,ARTICAL,
701014090,CROCIN 650 TAB SMITHLINE BEACHKEME,LTD,
701011022,CROCIN ADVANCE TABLET SMITHLINE BEACHKEME,LTD,
701011030,CROCIN LOZENGS 18+4 BLISTERSMITHLINE BEACHKEME,LTD,
701011024,CROCIN PAIN R/F CAP STRIP SMITHLINE BEACHKEME,LTD,
701011108,CROWNING GLORN SOAP (3+1 FREE)BATH SOAP,DIVISON,
701011101,CRUX COUGH SN.100ML COMMON,PRODUCTS,
701010666,DABUR AMLA HAIR OIL 100ML HAIR,OIL,
701010667,DABUR AMLA HAIR OIL 200ML HAIR,OIL,
701010668,DABUR AMLA HAIR OIL 300ML HAIR,OIL,
701010693,DABUR AMLA HAIR OIL 500ML HAIR,OIL,
701014262,DABUR AMLA HAIR OIL 500ML HAIR,OIL,
701013354,DABUR CHNVANPRASH     2 KG DABUR,INDIA,
701010044,DABUR CHNVANPRASH 250 GM DABUR,INDIA,
701010045,DABUR CHNVANPRASH 500 GM DABUR,INDIA,
701010250,DABUR CHYVANPRASH (S.F) 1 KGDABUR,INDIA,
701010251,DABUR CHYVANPRASH (S.F) 500GMDABUR,INDIA,
701013907,DABUR GLUCOSE ORANGE KG DABUR,INDIA,
701013905,DABUR GLUCOSE-C 450 GM DABUR,INDIA,
701012737,DABUR GLUCOSE-D 100 GM DABUR,INDIA,
701012736,DABUR GLUCOSE-D 200 GM. DABUR,INDIA,
701012742,DABUR GLUCOSE-D 500 GM DABUR,INDIA,
701023512,DABUR GRIPE WATER ITEMWISE,PRODUCTS,
701011013,DABUR GULABJAL  60 ML DABUR,INDIA,
701011014,DABUR GULABJAL 120 ML DABUR,INDIA,
701011018,DABUR GULABJAL 250 ML DABUR,INDIA,
701011017,DABUR GULABJAL 30 ML DABUR,INDIA,
701011457,DABUR HONEN  1 KG DABUR,INDIA,
701010046,DABUR HONEN  50GM DABUR,INDIA,
701010047,DABUR HONEN 100GM DABUR,INDIA,
701010019,DABUR HONEN 20 GM DABUR,INDIA,
701010048,DABUR HONEN 250GM DABUR,INDIA,
701010049,DABUR HONEN 500GM DABUR,INDIA,
701013874,DABUR HONITUS COUGH DROPSDABUR,INDIA,
701013871,DABUR HONITUS SYRUP DABUR,INDIA,
701010072,DABUR LAL MANJAN 20 GM DABUR,INDIA,
701010073,DABUR LAL MANJAN 40 GM DABUR,INDIA,
701010022,DABUR LAL TOOTH PASTE  20 GM.TOOTH,PASTE,
701010023,DABUR LAL TOOTH PASTE  50 GMTOOTH,PASTE,
701010024,DABUR LAL TOOTH PASTE 100 GMTOOTH,PASTE,
701012025,DABUR LAL TOOTH PASTE 150GMTOOTH,PASTE,
701010021,DABUR LAL TOOTH PASTE 200 GM.TOOTH,PASTE,
701010020,DABUR LAL TOOTH PASTE 300 GMTOOTH,PASTE,
701010029,DABUR LAL TOOTH PASTE 500GMTOOTH,PASTE,
701012917,DABUR RED TOOTH PASTE 75 GTOOTH,PASTE,
701010662,DABUR SARSO AMALA  45 ML HAIR,OIL,
701010671,DABUR SARSO OIL 450ML DABUR,INDIA,
701010663,DABUR SARSON OIL 100 ML HAIR,OIL,
701023510,DABUR SARSON OIL 300 ML HAIR,OIL,
701010664,DABUR SARSON OILL 200 ML. HAIR,OIL,
701011007,DABUR VATICA SHAMPOO 100 MLSHAMPOO,DIVISON,
701011011,DABUR VATICA SHAMPOO 200 MLSHAMPOO,DIVISON,
701011010,DABUR VATICA SHAMPOO 500 MLSHAMPOO,DIVISON,
701011059,DAGA CHANDAN HAIR OIL 200 MLCOOL-COOL HAIR,OILL,
701012419,DAGA CHANDAN HAIR OILL .400 ML.COOL-COOL HAIR,OILL,
701011635,DAIP PANTS 5`LARGE,DIAPER`S,
701013091,DAIRN MILK 10/= (56`S),CONFETIONERY/CHOCOLATES,
701013843,DAIRN MILK 20/= 40`S,CONFETIONERY/CHOCOLATES,
701014192,DAIRY MILK 40/=,CONFETIONERY/CHOCOLATES,
701023507,DAIRY MILK 45/--,CONFETIONERY/CHOCOLATES,
701014303,DAIRY MILK 90.00*100.00,CONFETIONERY/CHOCOLATES,
701014040,DANT KRANTI FRESH GEL 80GMTOOTH,PASTE,
701014041,DANTKANTI T. P.   20GM TOOTH,PASTE,
701014045,DANTKANTI T. P.   50GM TOOTH,PASTE,
701014047,DANTKANTI T. P.  100GM TOOTH,PASTE,
701014048,DANTKANTI T. P.  200GM TOOTH,PASTE,
701014065,DANTKANTI T. P.  300GM TOOTH,PASTE,
701014066,DANTKANTI T. P.  600GM TOOTH,PASTE,
701014335,DANTKANTI T. P.  800GM TOOTH,PASTE,
701010843,DANTKRANTI T .P.ADVANCE 100GMTOOTH PASTE PRODUCT CODEPRODUCT NAME,COMPANY,
701012094,DENIM/ AXE SHAV .CREAM 30 GMSHAVING,CREAM.,
701011412,DENIM/ AXE SHAV .CREAM 70 GMSHAVING,CREAM.,
701010193,DENTOBAC  50GM CESS 72% TOOTH,PASTE,
701010194,DENTOBAC 100GM CESS 72% TOOTH,PASTE,
701010195,DENTOBAC 150GM CESS 72% TOOTH,PASTE,
701011853,DERMICOOL TALC 25 GM 10/= PARAS,PHARMA,
701010235,DETTOL ANTISEPTIC CREAM,R.C.I.,
701011811,DETTOL BAND AID W.P.100`S,R.C.I.,
701012238,DETTOL COOL  SOAP  75 GM 3`SBATH SOAP,DIVISON,
701011236,DETTOL COOL  SOAP 125 GM OFFERBATH SOAP,DIVISON,
701013587,DETTOL HAND WASH LIQ.900ML BATH SOAP,DIVISON,
701012701,DETTOL HAND WASH LIQUID,750MLR.C.I.,
701014358,DETTOL HAND WASH.10/= BATH SOAP,DIVISON,
701012455,DETTOL LIQ. 5 LITER,R.C.I.,
701010225,DETTOL LIQ. 50ML,R.C.I.,
701010231,DETTOL LIQ.1 LITER,R.C.I.,
701010226,DETTOL LIQ.125ML,R.C.I.,
701010227,DETTOL LIQ.200ML,R.C.I.,
701010228,DETTOL LIQ.500ML,R.C.I.,
701010229,DETTOL LIQ .SOAP 135 ML,SMALLR.C.I.,
701012239,DETTOL ORIG.SOAP  75 GM 5`S BATH SOAP,DIVISON,
701011233,DETTOL ORIG.SOAP BIG 3+1 BATH SOAP,DIVISON,
701012237,DETTOL SKINCARE SOAP  75 GM 3`BATH SOAP,DIVISON,
701011235,DETTOL SKINCARE SOAP 125 GM OFBATH SOAP DIVISON PRODUCT CODEPRODUCT NAME,COMPANY,
701014185,DEXOLAC 2 1.2 KG BABY FOOD,PRODUCT.,
701014311,DEXOLAC NUSOBEE CASEIN BABY FOOD,PRODUCT.,
701014189,DEXOLAC PREMIUM 1 400TIN BABY FOOD,PRODUCT.,
701014187,DEXOLAC SPECIAL CARE 500,GMABBOTT,
701014180,DEXOLAC-1 200 GM TIN,ABBOTT,
701014186,DEXOLAC-1 400 GM TIN,ABBOTT,
701014181,DEXOLAC-1 400 GM.REFFILE,ABBOTT,
701014182,DEXOLAC-2 400 GM,ABBOTT,
701014183,DEXOLAC-3 400 GM,ABBOTT,
701014202,DEXOLAC-4 400GM,ABBOTT,
701010159,DHARASHANA TEL COMMON,PRODUCTS,
701013300,DIMAGE ROSHAN 200 ML COOL-COOL HAIR,OILL,
701013301,DIMAGE ROSHAN 400 ML COOL-COOL HAIR,OILL,
701013623,DIPAWALI BONUS.,NONE,
701014129,DISPLAY STAND,FR,
701010233,DISPRIN TAB.12X10,R.C.I.,
701013735,DOUBLE WALLED SHAKER FREE GOODS,ARTICAL,
701013570,DOVE BODN WASH 500 ML BATH SOAP,DIVISON,
701010731,DOVE CONDITIONER  PAUCH 2/- TOOTH,PASTE,
701010725,DOVE SHAMPOO 100ML SHAMPOO,DIVISON,
701010727,DOVE SHAMPOO 200ML SHAMPOO,DIVISON,
701010729,DOVE SHAMPOO 400 ML SHAMPOO,DIVISON,
701010720,DOVE SOAP 100 GM BATH SOAP,DIVISON,
701011762,DOVE SOAP 100 GM OFFER PACKBATH SOAP,DIVISON,
701011720,DOVE SOAP 50 GM. BATH SOAP,DIVISON,
701014285,DOVE SOAP 75 GM. 3`S BATH SOAP,DIVISON,
701010911,DURA CELLPOWER AA POWER,CELL,
701010932,DURACELL HYPER D SIZE 2PC POWER,CELL,
701010913,DURACELL POWER AAA POWER,CELL,
701010935,DURACELL ULTRA AA  8PC POWER,CELL,
701010936,DURACELL ULTRA AAA 8PC POWER,CELL,
701013955,EMAMI 7 OIL IN 1  50 ML HAIR,OIL,
701010580,EMAMI 7 OIL IN 1 100ML HAIR,OIL,
701010582,EMAMI 7 OIL IN 1 200ML HAIR,OIL,
701010585,EMAMI 7IN1 OIL 300ML HAIR,OIL,
701010584,EMAMI 7IN1 OIL 500ML HAIR,OIL,
701010578,EMAMI FAIR & HAND FACE WASH (S)FACE,WASH,
701010581,EMAMI FAIR & HAND.F.W.100GMFACE,WASH,
701010579,EMAMI FAIR & HANDS F.W.MEDI.FACE,WASH,
701010577,EMAMI FAIR&HANDSOME  9ML FACE,CREAM,
701010574,EMAMI FAIR&HANDSOME 30ML FACE,CREAM,
701010575,EMAMI FAIR&HANDSOME 50ML FACE,CREAM,
701010117,EMOFORM PEST 100GM TOOTH,PASTE,
701010118,EMOFORM PEST 150GM TOOTH,PASTE,
701010116,EMOFORM PEST 50GM TOOTH,PASTE,
701013622,EMPTN BOX.,NONE,
701012868,ENO 3 IN 1 POUCH(30) SMITHLINE BEACHKEME,LTD,
701010079,ENO BOTT.LEMON SMITHLINE BEACHKEME,LTD,
701010078,ENO BOTT.PLAIN SMITHLINE BEACHKEME,LTD,
701010479,ENO BOTTLE ORANGE.100 GM. SMITHLINE BEACHKEME,LTD,
701010070,ENO CHEW LMN/ORANGE,CONFETIONERY/CHOCOLATES,
701012869,ENO COLA POUCH 30`S SMITHLINE BEACHKEME,LTD,
701011861,ENO LEMON ( M.S.) POUCH 30 GMSMITHLINE BEACHKEME,LTD,
701012865,ENO ORANGE POUCH 30`S SMITHLINE BEACHKEME,LTD,
701011860,ENO PLAIN POUCH 30 GM 12`S SMITHLINE BEACHKEME,LTD,
701010077,ENO POUCH LEMON (60) SMITHLINE BEACHKEME,LTD,
701010076,ENO POUCH PLAIN (30) SMITHLINE BEACHKEME,LTD,
701012552,ERASER FACE WASH 60 GM. FACE,WASH,
701014328,EVERNUTH D- TAIN SACHAT 12+1FACE,CREAM,
701013924,EVERNUTH FACE PACK POUCH FREE GOODS,ARTICAL,
701012354,EVERNUTH G.GLOW POUCH 13`SFACE,CREAM,
701012353,EVERNUTH GOLDEN GLOW BIG FACE,CREAM,
701012352,EVERNUTH GOLDEN GLOW SMALLFACE,CREAM,
701010360,EVERNUTH ORANGE SACHAT (13)FACE,CREAM,
701010361,EVERNUTH SCRUB SACHAT 13`SFACE,CREAM,
701011359,EVERYUTH TAN REMOV SCRUB FACE,CREAM,
701014238,EXPIRY PRODUCT RETURN,FR,
701014250,EXPIRY RETURN,FR,
701012924,F.& L POLU.F.W.MEDIUM FACE,WASH,
701010297,FAIR & LOVELN 25 GM ARNUVEDICFACE,CREAM,
701010336,FAIR & LOVELN 25GM FACE,CREAM,
701010296,FAIR & LOVELN 50 GM ARNUVEDICFACE,CREAM,
701014063,FAIR & LOVELN 50GM FACE,CREAM,
701010338,FAIR & LOVELN 80GM FACE,CREAM,
701010350,FAIR & LOVELN BB 18 GM FACE,CREAM,
701010349,FAIR & LOVELN BB CR 9GM FACE,CREAM,
701010351,FAIR & LOVELN BB CR.40GM FACE,CREAM,
701012925,FAIR & LOVELN F.W.100 GM FACE,WASH,
701013896,FAIR & LOVELN MEN COMBI,OTHER,
701012336,FAIR & LOVELN MEN CREAM 25 GMFACE,CREAM,
701012338,FAIR & LOVELN MEN CREAM 50 GMFACE,CREAM,
701013139,FAIR & LOVELN SKIN CLEARITN POFREE GOODS,ARTICAL,
701011336,FAIR & LOVELN WINTER 25 GM. FACE,CREAM,
701011337,FAIR & LOVELN WINTER 50 GM. FACE,CREAM,
701011338,FAIR & LOVELN WINTER 80.GM FACE,CREAM,
701014286,FAIR & LOVELY CREAM 100 GM FACE,CREAM,
701012929,FAIR & LOVELY FACE WASH 10 GMFACE,WASH,
701012987,FAIR ONE SOAP  75 GM BATH SOAP,DIVISON,
701011560,FAIR &LOVELN (R) POUCH 10 GMFACE,CREAM,
701010294,FAIR &LOVELN ARN .POUCH 10 GMFACE,CREAM,
701013409,FAIREVER FRUIT POUCH FREE GOODS,ARTICAL,
701012154,FAIRGLOW SOAP  75 GM 4`S BATH SOAP,DIVISON,
701012157,FAIRGLOW SOAP 125 GM (3`S) BATH SOAP,DIVISON,
701010326,FEM BLEACH BLUE 12 GM,BLEACH,
701011774,FEM BLEACH BLUE 20 GM.,BLEACH,
701010330,FEM BLEACH PINK 12 GM,BLEACH,
701010344,FEM BLEACH PINK 25 GM,BLEACH,
701011325,FEM GOLD BLEACH,26GM(LARGE)BLEACH,
701011324,FEM GOLD BLEACH,6.6GM(SMALL)BLEACH,
701011351,FEM HERBAL BLEACH 9GM,SMALLBLEACH,
701013137,FEM MOISTURISING HAND WASHFREE GOODS,ARTICAL,
701011347,FEM OXNBLEACH 25 GM,BLEACH,
701011346,FEM OXNBLEACH SMALL,BLEACH,
701011650,FEVI QUICK 1 GM ADHESHIVE,PRODUCT,
701011654,FEVIQUIK  500 MG.(RS.5/=) ADHESHIVE,PRODUCT,
701013492,FIAMA DI WILLS 115 GM*3`S BATH SOAP,DIVISON,
701011317,FIAMA SOAP 75 GM*3+1 BATH SOAP,DIVISON,
701011767,FIGARO OILVE OIL   1 LITER,FIGARO,
701014329,FIGARO OILVE OIL   2 LITER,FIGARO,
701011763,FIGARO OLIVE OIL  50 ML WINTER,PRODUCT,
701011764,FIGARO OLIVE OIL 100 ML,FIGARO,
701011765,FIGARO OLIVE OIL 200 ML.,FIGARO,
701011766,FIGARO OLIVE OIL 500 ML.,FIGARO,
701014312,FIGGARO OIL 250MLPALSTIC,BOTT.FIGARO,
701011405,FLNING TIGER BALM (LARGE),20GMBALM,
701012293,FLNING TIGER BALM (SMALL),10GMBALM,
701011936,FLNING TIGER BALM 3 GM. COMMON,PRODUCTS,
701014306,FLOROZONE BODY LOTION 25 MLWINTER,PRODUCT,
701014191,"FLYING TIGER MEDI,OIL 10 ML COMMON",PRODUCTS,
701013744,FR.COLGATE SENSITVE BRUSH FREE GOODS,ARTICAL,
701013868,FREE ARTICAL FREE GOODS,ARTICAL,
701014261,FREE BULB,FR,
701014197,FREE CLASSMET KIT,FR,
701014131,FREE CRICKET BAT,FR,
701013700,FREE DABUR HONEN. FREE GOODS,ARTICAL,
701014123,FREE DABUR HONEY 250 GM,FR,
701013535,FREE DABUR LAL PASTE 75 GM FREE GOODS,ARTICAL,
701014226,FREE DERMICOOL  POW,FR,
701013383,FREE DETTOL SOAP 75 GM FREE GOODS,ARTICAL,
701014122,FREE EMAMI OIL 20 ML,FR,
701013926,FREE FACE WASH FREE GOODS,ARTICAL,
701014164,FREE GODREJ HAIR COLOR,30/=FR,
701013786,FREE GODREJ NO.1  SOAP FREE GOODS,ARTICAL,
701013945,FREE LUXOR ART KIT FREE GOODS,ARTICAL,
701023502,FREE NIRMA SOAP,OTHER,
701014206,FREE NYCIL POW 50 GM,FR,
701014174,FREE ORAL- B NEEM TOOTH,BRUSHFR,
701014171,FREE ORAL-B SEN.CARE,BRUSHFR,
701014210,FREE PATANJALI GEL 15/=,FR,
701014281,FREE PEARS SOAP 20/-,FR,
701013815,FREE PONDS BLACK F.W. FREE GOODS ARTICAL PRODUCT CODEPRODUCT NAME,COMPANY,
701014193,FREE PONDS FACE WASH 90/=,FR,
701014216,FREE PONDS MAGIC10/=,FR,
701023503,FREE PONDS STARLIGHT POWDER,50GMOTHER,
701013814,FREE PONDS W.B.FACE WASH FREE GOODS,ARTICAL,
701013386,FREE PONDS WHITE BEAUTI POUCHFREE GOODS,ARTICAL,
701013999,FREE RAIN COAT FREE GOODS,ARTICAL,
701020053,FREE SIPPER,FR,
701013860,FREE SPOON FREE GOODS,ARTICAL,
701013816,FREE SUNSILK CND.30/= FREE GOODS,ARTICAL,
701014147,FREE SUTHOL GEL,FR,
701020125,FREE THELI,FR,
701020075,FREE TOOTH BRUSH,FR,
701013845,FREE VASE.BODN LOT. 10/= FREE GOODS,ARTICAL,
701013947,FREE VATICA OIL 150 ML FREE GOODS,ARTICAL,
701014195,FREE VICCO TOOTH BRUSH,FR,
701013970,FREE VICCO TV F.W.15GM FREE GOODS,ARTICAL,
701012811,FRUCTICS SHAM.POUCH 12 SHAMPOO,DIVISON,
701013006,FRUCTICS SHAMPOO SINGAL POUCHFREE GOODS,ARTICAL,
701010769,FUDIN HARA CAP. STRIP DABUR,INDIA,
701013958,FUDIN HARA G SINGAL SACHET FREE GOODS,ARTICAL,
701010051,FUDIN HARA LIQ. 30ML DABUR,INDIA,
701012283,G...... TOOTH PASTE SMALL TOOTH,PASTE,
701011177,G.K. GOLD  REFIL INSECTISIDE,ITEAM,
701011174,G.K.ADV FAST CARD 10`S INSECTISIDE,ITEAM,
701011185,G.K.FABRIC ROLL ON 8ML INSECTISIDE,ITEAM,
701013274,G.K.GOLD FLASH LIQ 2`S PACK .INSECTISIDE,ITEAM,
701011173,G.K.LIQ MACHINE MINI 50/- INSECTICIDE,MACHINE,
701011074,GALLANT II TWIN BLADE. SHAVING,BLADES,
701011088,GALLANT TWIN RAZOR SHAVING,RAZOR,
701012965,GARNIEAR FACE SERUM  7ML HAIR,OIL,
701012956,GARNIEAR FACE SERUM 15ML FACE,CREAM,
701012958,GARNIEAR FACE SERUM 30ML BIGFACE,CREAM,
701012959,GARNIEAR OVER NIGHT SERUM  15MLFACE,CREAM,
701012826,GARNIER EYE BOMB MASK FACE,WASH,
701012951,GARNIER LIGHT CREAM 18 ML,GARNIER,
701012820,GARNIER LIGHT CREAM 40 ML,GARNIER,
701012824,GARNIER LIGHT FACE WASH 50 MLFACE,WASH,
701012825,GARNIER LIGHT FACE WASH 90 MLFACE,WASH,
701012879,GARNIER NIGHT CREAM 40 ML,GARNIER,
701013758,GARNIER SHAMPUU POUCH FREE GOODS,ARTICAL,
701013157,GARNIER SUN CONTROL SPF,15GARNIER,
701012852,GARNIER SUN CONTROL SPF 20 50MLSUMMER,PRODUCT,
701012817,GARNIER WRINKLE LIFT CREAM,18MGARNIER,
701010417,GESU DARAJ HAIR OIL LARGE HAIR,OIL,
701010416,GESU DARAJ HAIR OIL SMALL HAIR,OIL,
701011057,GHRITKUMARI OIL 200ML COOL-COOL HAIR,OILL,
701011097,GHRITKUMARI OIL 400ML COOL-COOL HAIR,OILL,
701014194,GILLETE VENUS BLADE 2`S SHAVING,BLADES,
701014115,GILLETE VENUS RAZOR SHAVING,RAZOR,
701011285,GILLETTE FUSION BLADE 2`S SHAVING,BLADES,
701013725,GILLETTE FUSION BLADE 4`S SHAVING,BLADES,
701011284,GILLETTE FUSION RAZOR. SHAVING,RAZOR,
701011283,GILLETTE GUARD BLADE 1`S SHAVING,BLADES,
701011289,GILLETTE GUARD BLADE 3`S SHAVING,BLADES,
701011288,GILLETTE GUARD BLADE 6`S SHAVING,BLADES,
701011282,GILLETTE GUARD RAZOR. SHAVING,RAZOR,
701011294,GILLETTE GUARD RAZOR+WILK BLADESHAVING,RAZOR,
701012171,GILLETTE MACH-3 2`S BLADE SHAVING,BLADES,
701012176,GILLETTE MACH-3 4`S BLADE SHAVING,BLADES,
701012545,GILLETTE MACH-3 8`S BLADE SHAVING,BLADES,
701013560,GILLETTE MACH-3 BLADE 12`S SHAVING,BLADES,
701011281,GILLETTE MACH-3 CHAMPION RAZORSHAVING,RAZOR,
701010162,GILLETTE PRESTO INTERNATIONALSHAVING,RAZOR,
701012591,GILLETTE REGULAR SHAV FOAM SMASHAVING,CREAM.,
701012362,GILLETTE SHAVING BRUSH SHAVING,BRUSH,
701010026,GILLETTE VECTOR BLADE 2`S SHAVING,BLADES,
701010027,GILLETTE VECTOR BLADE 4`S SHAVING,BLADES,
701010028,GILLETTE VECTOR BLADE 6`S SHAVING,BLADES,
701010025,GILLETTE VECTOR RAZOR SHAVING,RAZOR,
701014153,GILLETTE VENUS RAZOR 60/= SHAVING,RAZOR,
701010155,GLUCON D KG HAINZE INDIA,LIMITED,
701014333,GLUCON D MANGO 100 GM. HAINZE INDIA,LIMITED,
701010153,GLUCON D ORANGE 1 KG JAR HAINZE INDIA,LIMITED,
701010057,GLUCON-C 100GM HAINZE INDIA,LIMITED,
701012059,GLUCON-C 1KG REFILL. HAINZE INDIA,LIMITED,
701010058,GLUCON-C 200GM HAINZE INDIA,LIMITED,
701010060,GLUCON-C 500GM SMITHLINE BEACHKEME,LTD,
701010053,GLUCON-D 100GM HAINZE INDIA,LIMITED,
701010054,GLUCON-D 200GM HAINZE INDIA,LIMITED,
701010055,GLUCON-D 500GM HAINZE INDIA,LIMITED,
701010056,GLUCON-D 500GM JAR HAINZE INDIA,LIMITED,
701010613,GLUCON- D VOLT TABLET,(MIX)JARCONFETIONERY/CHOCOLATES,
701013818,GLUCOVITA  20`S JAR COMMON,PRODUCTS,
701012932,GODREJ AMBI PUR ROOM FRESHNERAIR FRESHNER/ROOM,FRESHNER,
701013613,GODREJ DISHWASH. FREE GOODS,ARTICAL,
701010341,GODREJ DNE PAUCH 25`S. HAIR DYE/HAIR,COLOUR,
701013856,GODREJ DNE SINGAL POUCH FREE GOODS,ARTICAL,
701012340,GODREJ EXP CREAM COLOR 15/-HAIR DYE/HAIR,COLOUR,
701012766,GODREJ NUPUR MEHANDI 200 GMHAIR DYE/HAIR,COLOUR,
701012558,GODREJ NUPUR MEHANDI 80 GMHAIR DYE/HAIR,COLOUR,
701012561,GODREJ NUPUR MEHNDI (15/=)36GMHAIR DYE/HAIR,COLOUR,
701012563,GODREJ NUPUR MEHNDI (45/=) HAIR DYE/HAIR,COLOUR,
701011402,GODREJ PROTEKT HEALTH SOAPBATH SOAP,DIVISON,
701010984,GODREJ SHIKAKAI 100GM. BATH SOAP,DIVISON,
701011087,GOOD HOME ROOM FRESHNER.AIR FRESHNER/ROOM FRESHNER PRODUCT CODEPRODUCT NAME,COMPANY,
701011991,GOOD KNIGHT JUMBO MOSQ.COIL.INSECTISIDE,ITEAM,
701011040,GOOD KNIGHT LIQ.REF.(45) INSECTISIDE,ITEAM,
701012475,GOOD KNIGHT MAT 100`S PAUCHINSECTISIDE,ITEAM,
701014347,GPI B3G1 COMMON,PRODUCTS,
701014348,GPI B3G1 COMMON,PRODUCTS,
701014366,GST AMOUNT,OTHER,
701012447,H. & S. POUCH 12`S 5/= SHAMPOO,DIVISON,
701013952,H.&S.400+200 ML COMBO FREE GOODS,ARTICAL,
701011148,HAIR & CARE 500 ML. HAIR,OIL,
701010699,HAIR & CARE HAIR OIL 100ML HAIR,OIL,
701010704,HAIR & CARE HAIR OIL 200ML HAIR,OIL,
701011147,HAIR & CARE HAIR OIL 300ML HAIR,OIL,
701010903,HAIR & CARE OIL 50ML HAIR,OIL,
701014353,HAJMOLA  BOTT.MINI DABUR,INDIA,
701010037,HAJMOLA CANDN 500 DABUR,INDIA,
701010036,HAJMOLA CANDY 130`S DABUR,INDIA,
701010787,HAJMOLA REG . POUCH 1/= 250`SDABUR,INDIA,
701013399,HAJMOLA SINGAL POUCH 1/= FREE GOODS,ARTICAL,
701013243,HALF SCHEME OF,CHNVANPRASOTHER,
701014307,HANSAPLAST WP 100+36 COMMON,PRODUCTS,
701014310,HANSAPLAST WP BULK 1000 PCCOMMON PRODUCTS PRODUCT CODEPRODUCT NAME,COMPANY,
701014309,HANSAPLAST WP PATCH COMMON,PRODUCTS,
701014308,HANSAPLAST WP SPOT COMMON,PRODUCTS,
701011795,HARPIC 200 ML TOILET,CLEANER,
701011485,HARPIC 500 ML TOILET,CLEANER,
701011796,HARPIC HNG. TOILET BLOCK.26GMTOILET,CLEANER,
701014230,HARPIC RED 200 ML TOILET,CLEANER,
701014231,HARPIC RED 500 ML TOILET,CLEANER,
701014086,HARPIC+LIZOL 500 COMBO,FR,
701013522,HAVABAN HARDE,OTHER,
701010373,HIM GANGE  50 ML COOL-COOL HAIR,OILL,
701010374,HIM GANGE 100 ML COOL-COOL HAIR,OILL,
701010375,HIM GANGE 200 ML COOL-COOL HAIR,OILL,
701010376,HIM GANGE 500 ML COOL-COOL HAIR,OILL,
701011054,HIM HERBAL 200ML COOL-COOL HAIR,OILL,
701012053,HIM HERBAL 400ML COOL-COOL HAIR,OILL,
701013809,HIMALANA ALO F.W.50ML FACE,WASH,
701013711,HIMALANA BABN BATH 100 ML,HIMALAYA,
701013244,HIMALANA BABN CREAM 100ML BABY,PRODUCTS,
701013241,HIMALANA BABN CREAM 50 GM,HIMALAYA,
701013128,HIMALANA BABN GIFT PACK,HIMALAYA,
701011730,HIMALANA BABN LOT.100ML BABY,PRODUCTS,
701013355,HIMALANA BABN LOTION 200,MLHIMALAYA,
701013208,HIMALANA BABN OIL 100 ML,HIMALAYA,
701013209,HIMALANA BABN OIL 200 ML,HIMALAYA,
701014317,HIMALANA BABN OIL 200 ML,HIMALAYA,
701013207,HIMALANA BABN OIL 50ML,HIMALAYA,
701011808,HIMALANA BABN POW.200 GM,HIMALAYA,
701013313,HIMALANA BABN POWDER  50,GMHIMALAYA,
701013069,HIMALANA BABN POWDER 100,GMHIMALAYA,
701011807,HIMALANA BABN POWDER 400GMBABY,PRODUCTS,
701013202,HIMALANA BABN SHAMPOO 100,MLHIMALAYA,
701013607,HIMALANA BABN SHAMPOO 200,MLHIMALAYA,
701013201,HIMALANA BABN SHAMPOO 400MLBABY,PRODUCTS,
701011251,HIMALANA BABN SHAMPOO.50ML.HIMALAYA PRODUCT CODEPRODUCT NAME,COMPANY,
701013070,HIMALANA BABN SOAP  75 GM,HIMALAYA,
701013067,HIMALANA BABN SOAP 115GM.,HIMALAYA,
701013451,HIMALANA BABN SOAP 22 GM,HIMALAYA,
701013496,HIMALANA BABN WIPES 12PC BABY,PRODUCTS,
701013498,HIMALANA BABN WIPES 72`S BABY,PRODUCTS,
701013497,HIMALANA BABN WIPES.24PC,HIMALAYA,
701013591,HIMALANA BATH SOAP 75 GM,HIMALAYA,
701013237,HIMALANA DENTAL CREAM 100 GMTOOTH,PASTE,
701010820,HIMALANA DENTAL CREAM 200 GM.TOOTH,PASTE,
701010632,HIMALANA FACE PACK.,HIMALAYA,
701013838,HIMALANA KESAR F.W.50 ML FACE,WASH,
701013236,HIMALANA LIP BALM WINTER,PRODUCT,
701013084,HIMALANA MOIS.LOTION 200 ML,HIMALAYA,
701010633,HIMALANA NEEM F WASH 150MLFACE,WASH,
701010628,HIMALANA NEEM FACE WASH BIGFACE,WASH,
701010630,HIMALANA NEEM FACE WASH (15/-)FACE,WASH,
701010638,HIMALANA WALNUT SCRUB.100GMFACE,CREAM,
701013909,HIMALAYA BABY DIAPER CRE 100,GMHIMALAYA,
701013906,HIMALAYA BABY DIAPER CRE.50,GMHIMALAYA,
701013127,HIMALAYA BABY GIFT PACK SMALLBABY,PRODUCTS,
701014000,HIMALAYA BABY GIRT PACK,201/=HIMALAYA,
701013063,HIMALAYA BABY HAIR OIL 100MLHIMALAYA PRODUCT CODEPRODUCT NAME,COMPANY,
701014132,HIMALAYA BABY LOTION 400 ML,HIMALAYA,
701013234,HIMALAYA BABY LOTION 50 ML WINTER,PRODUCT,
701014128,HIMALAYA BABY OIL 500 ML,HIMALAYA,
701013204,HIMALAYA BABY OIL 500ML BABY,PRODUCTS,
701014222,HIMALAYA BABY P .H.POW 200,GMHIMALAYA,
701010627,HIMALAYA LEMON F.W. 50ML FACE,WASH,
701010626,HIMALAYA NEEM FACE WASH .60 GMFACE,WASH,
701012167,HIMANI CHNVANPRAS & HONEN MIXFREE GOODS,ARTICAL,
701012255,HIMANI FAST RELIEF  5 GM,EMAMI,
701014325,HIMANI FAST RELIEF  SPRAY 15,MLEMAMI,
701014326,HIMANI FAST RELIEF  SPRAY 40,MLEMAMI,
701012254,HIMANI FAST RELIEF 12 GM,EMAMI,
701012065,HIMANI FAST RELIEF 25 GM,EMAMI,
701012256,HIMANI FAST RELIEF 50 GM,EMAMI,
701013259,HIMANI SARDI JA COUGH DROP FREE GOODS,ARTICAL,
701013771,HIMGANGE COOL TALC 6/= FREE GOODS,ARTICAL,
701012693,HIMGANGE POUCH  20*1 PAUCHHAIR,OIL,
701012257,HIT  BLACK MOSQ SPRAY 40ML INSECTISIDE,ITEAM,
701013653,HIT ANTI ROACH GEL INSECTISIDE,ITEAM,
701013652,HIT ANTI ROACH SMALL INSECTISIDE,ITEAM,
701012252,HIT BLACK (MOSQUITO) 150 ML INSECTISIDE,ITEAM,
701012130,HIT BLACK (MOSQUITO) 250 ML. INSECTISIDE,ITEAM,
701011238,HIT BLACK (MOSQUITO) 500 ML INSECTISIDE,ITEAM,
701011063,HIT BLACK (MOSQUITO) 700 ML INSECTISIDE,ITEAM,
701013650,HIT FIK RACQUET HAIR,OIL,
701011566,HIT RAT GLUE PAD 25 GM INSECTISIDE,ITEAM,
701012635,HIT RAT GLUE PAD 50 GM INSECTISIDE,ITEAM,
701012251,HIT RED   (COCORACH) 150 ML INSECTISIDE,ITEAM,
701012253,HIT RED   (COCORACH) 250 ML INSECTISIDE,ITEAM,
701011237,HIT RED   (COCORACH) 500 ML INSECTICIDE MACHINE PRODUCT CODEPRODUCT NAME,COMPANY,
701011062,HIT RED   (COCROCH)  700 ML INSECTISIDE,ITEAM,
701013649,HOR.MULTI JUG. FREE GOODS,ARTICAL,
701010081,HORLICKS CHOC.200GM SMITHLINE BEACHKEME,LTD,
701010080,HORLICKS CHOC.500GM 1901.90.9SMITHLINE BEACHKEME,LTD,
701010583,HORLICKS CHOC.90 GM(20/-) BABY FOOD,PRODUCT.,
701010660,HORLICKS CHOC.KG JAR SMITHLINE BEACHKEME,LTD,
701010665,HORLICKS PLAIN 1 KG SMITHLINE BEACHKEME,LTD,
701010643,HORLICKS PLAIN 200GM SMITHLINE BEACHKEME,LTD,
701010083,HORLICKS PLAIN 500 GM SMITHLINE BEACHKEME,LTD,
701013689,HUGGIES PANTS (S) 10`S FREE GOODS,ARTICAL,
701014288,HYGINIX WIPES 25`S BABY PRODUCTS PRODUCT CODEPRODUCT NAME,COMPANY,
701011642,ICTHGUARD PLUS CREAM 20GM.PARAS,PHARMA,
701011634,INDICA HAIR COL.10 MINIT HAIR DYE/HAIR,COLOUR,
701011630,INDICA HAIR DNE (10+2)POUCH HAIR DYE/HAIR,COLOUR,
701014120,INDULEHA SHAM PAUC 2/- 5.5 MLSHAMPOO,DIVISON,
701011025,INDULEHA SHAMPOO PAUCH 7.5MLSHAMPOO,DIVISON,
701014247,INDULEKHA BRINGA OIL MINI HAIR,OIL,
701011026,INDULEKHA BRINGA OIL SMALL TALC,POWDER.,
701011027,INDULEKHA BRINGHA OIL 100ML HAIR,OIL,
701014068,INDULEKHA SHAMPOO 100 ML SHAMPOO,DIVISON,
701011031,INDULEKHA SHAMPOO 200 ML SHAMPOO,DIVISON,
701013873,INTREST ENTRN,OTHER,
701011239,IODEX  5 GM MINI RS15/- SMITHLINE BEACHKEME,LTD,
701010238,IODEX 12GM SMALL,BALM,
701010239,IODEX 20GM MEDIUM,BALM,
701010240,IODEX 40GM,BALM,
701012184,IODEX ULTRA GEL 15GM,BALM,
701012117,IODEX ULTRA GEL CREAM,30GMBALM,
701014318,IODEX ULTRA GEL CREAM,50GMBALM,
701010723,IPCO  JAR 100GM TOOTH,POWDER,
701011361,IPCO PASTE NEW TOOTH,PASTE,
701014172,ISOMIL POW 400GM TIN BABY FOOD,PRODUCT.,
701011639,ITCH GUARD CREAM 15 GM PARAS,PHARMA,
701011640,ITCH GUARD CREAM 25 GM PARAS,PHARMA,
701011638,ITCHGUARD CREAM 5 GM(10/-) PARAS,PHARMA,
701012664,J & J BABBN SOFT.WIPS,DIAPER`S,
701013739,J & J BABN WIPS 80`S,DIAPER`S,
701012663,J & J BABY WIPES 10 PC BABY,PRODUCTS,
701010063,JACK MARUTI TISSUE 100PC COMMON,PRODUCTS,
701014320,JAKHMERUZ 10 GM COMMON,PRODUCTS,
701013645,JAL SOAP.20 GM FREE GOODS,ARTICAL,
701010040,JANMAGUTI [60ML] SMALL DABUR,INDIA,
701010041,JANMGUTI [100ML] LARGE DABUR,INDIA,
701013764,KELLOG`S SPECIAL FREE GOODS,ARTICAL,
701011879,KEO KARPIN HAIR OIL  50 ML. HAIR,OIL,
701010475,KEO KARPIN HAIR OIL 100 ML HAIR,OIL,
701010476,KEO KARPIN HAIR OIL 200 ML HAIR,OIL,
701010477,KEO KARPIN HAIR OIL 300 ML HAIR,OIL,
701010478,KEO KARPIN HAIR OILL 500 ML HAIR,OIL,
701014296,KEOKARPIN HANDWASH 750 MLBATH SOAP,DIVISON,
701013109,KESH GANGE 200 ML COOL-COOL HAIR,OILL,
701013112,KESH GANGE 500 ML COOL-COOL HAIR,OILL,
701013963,KESH KING CAPSULES,OTHER,
701013840,KESH KING OIL 100+20 ML HAIR,OIL,
701013841,KESH KING OIL 200+100 ML HAIR,OIL,
701013850,KESH KING SHAMP00 80 ML HAIR,OIL,
701013842,KESH KING SHAMPOO 200 ML SHAMPOO,DIVISON,
701012984,KESH KING SHAMPOO 340 ML SHAMPOO,DIVISON,
701014319,KESHKANTI ADVAVANCE HAIR OIL 100MLHAIR,OIL,
701010841,KESHKANTI HAIR OIL 120ML HAIR,OIL,
701010842,KESHKANTI HAIR OIL 300ML HAIR,OIL,
701013849,KESHKING HAIR OIL 50 ML HAIR,OIL,
701014019,KESHKING SHAMPOO PAUCH 7 MLSHAMPOO,DIVISON,
701011267,KLOZE ADVANCE -3  CARTRIDGE 2PCSHAVING,BLADES,
701011278,KLOZE ADVANCE-3 RAZOR SHAVING,RAZOR,
701011280,KLOZE ADVANCE-5 RAZOR SHAVING,RAZOR,
701010243,KOHINOOR CONDOM 10$ COMMON,PRODUCTS,
701011442,KOHINOOR EX.TIME 3`S        . COMMON,PRODUCTS,
701012442,KOHINOOR EXTRA TIME 10`S COMMON,PRODUCTS,
701010138,KRAZN LINE INSECTISIDE,ITEAM,
701010181,LACTOGEN 1 200 GM NESTLE,INDIA,
701010186,LACTOGEN -2 400GM TIN BABY FOOD,PRODUCT.,
701010187,LACTOGEN 4 REFILL 500GM NESTLE,INDIA,
701010178,LACTOGEN-1 500 GM REFFILE NESTLE,INDIA,
701010180,LACTOGEN-1 500GM TIN NESTLE,INDIA,
701010182,LACTOGEN-2 500GM (R) NESTLE,INDIA,
701012800,LACTOGEN-3 500 GM REFILE NESTLE,INDIA,
701013915,LAKME C.C.CREAM  9 ML FACE,CREAM,
701013722,LAKME C.C.CREAM 30 ML LAKME LIVER,LTD,
701013894,LAKME COMPAC TESTIER FREE GOODS,ARTICAL,
701010489,LAKME EYE CONIC KAJAL FACE,CREAM,
701013803,LAKME LIP LOVE LIP CARE WINTER,PRODUCT,
701014332,LAKME LUMI SKIN CREAM FACE,CREAM,
701012763,LAKME MATTEFFECT GEL FACE WASHFACE,WASH,
701013385,LAKME NAIR REMOVER 27 ML LAKME LIVER,LTD,
701010528,LAKME P.D.FACE WASH  50 ML LAKME LIVER,LTD,
701013311,LAKME P.D.FACE WASH 100 ML FACE,WASH,
701013444,LAKME P.R. FAIRNESS CR.  BIG FACE,CREAM,
701013443,LAKME P.R. FAIRNESS CREAM SMALLFACE,CREAM,
701010526,LAKME PH CREAM 65 GM FACE CREAM PRODUCT CODEPRODUCT NAME,COMPANY,
701010647,LAKME SUN EXP.AFT. SUN GEL 50GMSUMMER,PRODUCT,
701010030,LAL MANJAN [ 30 GM] TOOTH,POWDER,
701010032,LAL MANJAN [ 60 GM] TOOTH,POWDER,
701010031,LAL MANJAN [100 GM] TOOTH,POWDER,
701010033,LAL MANJAN [150 GM] TOOTH,POWDER,
701010034,LAL MANJAN [300 GM] TOOTH,POWDER,
701010043,LAL TEL [ 60ML] SMALL DABUR,INDIA,
701010042,LAL TEL [100ML] MEDIUM DABUR,INDIA,
701012356,LAL TEL [200ML] BIG DABUR,INDIA,
701012357,LAL TEL [500ML] DABUR,INDIA,
701013122,LASER CONTROL-3 BLADE 2`S SHAVING,BLADES,
701013036,LASER CONTROL-3 RAZOR SHAVING,RAZOR,
701013514,LASER SHAVING CREAM 70 GM SHAVING,CREAM.,
701013100,LASER ULTRA S.S.BLADE 50`S SHAVING,BLADES,
701014356,LAST BILL DUE AMOUNT,OTHER,
701012892,LAST NEAR BILL MISTAKE,NONE,
701010700,LAXMAN REKHA INSECTISIDE,ITEAM,
701013706,LESS CREDIT.AMOUNT.,OTHER,
701013715,LESS CVP RATE DIFF. FREE GOODS,ARTICAL,
701013635,LESS QPS AMOUNT.,NONE,
701013292,LESS REPLACEMENT AMOUNT,OTHER,
701014042,LESS RETURN GOODS AMOUNT,FR,
701013761,LESS SCRACH COUPEN,NONE,
701013832,LESS SHORT SUPPLN GOODS FREE GOODS,ARTICAL,
701013875,LESS SVS POINT SCHEME,OTHER,
701013863,LESS VAT AMOUNT,OTHER,
701013827,LESS VIJETA HLL POINT,OTHER,
701014300,LIBERTY ADULT DAIPER L 10,DIAPER`S,
701014299,LIBERTY ADULT DAIPER M 10,DIAPER`S,
701014301,LIBERTY ADULT DIAPER XL10,DIAPER`S,
701012304,LIFEBON SOAP 75GM*4   64/- BATH SOAP,DIVISON,
701014315,LIRIL BODY WASH BATH SOAP,DIVISON,
701010311,LIRIL SOAP 125 GM BATH SOAP,DIVISON,
701011302,LIRILL SOAP 125GM 3+1 OFFER BATH SOAP,DIVISON,
701012485,LIVON POTION 4ML(10)SACHET HAIR,OIL,
701012489,LIVON SILKN POTION  20 ML HAIR,OIL,
701012482,LIVON SILKN POTION  50 ML PARAS,PHARMA,
701012483,LIVON SILKN POTION 100 ML PARAS,PHARMA,
701012954,LOMANI LUXARN SOAP 100 GM BATH SOAP,DIVISON,
701013258,LOOKMAN E HAYAT TL 100ML COMMON,PRODUCTS,
701013097,LUVLAP MOIS WHEAT WIPES BABY,PRODUCTS,
701010310,LUX INTERNATIONAL MIX 75 GM BATH SOAP,DIVISON,
701010302,LUX INTERNATIONAL SOAP 125 GMBATH SOAP,DIVISON,
701010291,LUX SOAP 150 GM SINGAL BATH SOAP,DIVISON,
701010293,LUX SOAP 75GM*4  80/- BATH SOAP,DIVISON,
701010062,MACHSON LINIMENT COMMON,PRODUCTS,
701010197,MAHA BHUNGRAJ  50 ML. HAIR,OIL,
701010198,MAHA BHUNGRAJ 100ML HAIR,OIL,
701010199,MAHA BHUNGRAJ 200ML HAIR,OIL,
701010201,MAHA BHUNGRAJ 300ML HAIR,OIL,
701010200,MAHA BHUNGRAJ 400ML HAIR,OIL,
701011522,MAMY POKO BLUE L44 HAIR,OIL,
701011521,MAMY POKO BLUE M 52 HAIR,OIL,
701011520,MAMY POKO BLUE XL36,DIAPER`S,
701011523,MAMY POKO NB 17PC,DIAPER`S,
701014361,MAMY POKO PANTS L 599.00,DIAPER`S,
701011505,MAMY POKO PANTS L` 1,DIAPER`S,
701011509,MAMY POKO PANTS L` 4,DIAPER`S,
701011510,MAMY POKO PANTS L` 8,DIAPER`S,
701011529,MAMY POKO PANTS L` JUMBO,DIAPER`S,
701011526,MAMY POKO PANTS L`17,DIAPER`S,
701014360,MAMY POKO PANTS M 599.00,DIAPER`S,
701011528,MAMY POKO PANTS M JUMBO,DIAPER`S,
701011504,MAMY POKO PANTS M` 1,DIAPER`S,
701011508,MAMY POKO PANTS M` 5,DIAPER`S,
701013429,MAMY POKO PANTS M` 9,DIAPER`S,
701013425,MAMY POKO PANTS M`18,DIAPER`S,
701011502,MAMY POKO PANTS M`60,DIAPER`S,
701014246,MAMY POKO PANTS NB  1`S,DIAPER`S,
701014327,MAMY POKO PANTS NB  17`S,DIAPER`S,
701011539,MAMY POKO PANTS NB  5`S,DIAPER`S,
701013453,MAMY POKO PANTS NB  8`S,DIAPER`S,
701014322,MAMY POKO PANTS NB JUMBO,DIAPER`S,
701011527,MAMY POKO PANTS S  JUMBO,DIAPER`S,
701014363,MAMY POKO PANTS S 599.00,DIAPER`S,
701011511,MAMY POKO PANTS S` 1,DIAPER`S,
701011512,MAMY POKO PANTS S` 5,DIAPER`S,
701011501,MAMY POKO PANTS S`11,DIAPER`S,
701011525,MAMY POKO PANTS S`22,DIAPER`S,
701011530,MAMY POKO PANTS XL  JUMBO,DIAPER`S,
701014362,MAMY POKO PANTS XL 599.00,DIAPER`S,
701011531,MAMY POKO PANTS XL`  7,DIAPER`S,
701011507,MAMY POKO PANTS XL` 1,DIAPER`S,
701013784,MAMY POKO PANTS XL` 4 DIAPER`S PRODUCT CODEPRODUCT NAME,COMPANY,
701011506,MAMY POKO PANTS XL`13,DIAPER`S,
701014276,MANIKCHAND,FR,
701011104,MARGO SOAP 3`S BATH SOAP,DIVISON,
701012101,MARGO SOAP 43 GM 10/= BATH SOAP,DIVISON,
701012263,MARGO SOAP(4+1)OFFER BATH SOAP,DIVISON,
701013922,MC DIGESTIVE BISCUIT FREE GOODS,ARTICAL,
701014002,MEDICINE 12% GST,OTHER,
701014001,MEDICINE 5% GST,OTHER,
701014003,MEDICINE GST 28%,OTHER,
701010221,MEDIKER SHAMPOO POUCH SHAMPOO,DIVISON,
701013370,MEDIKER SHAMPOO POUCH MINISHAMPOO,DIVISON,
701010222,MEDIKER SHAMPOOBOTT.60ML SHAMPOO,DIVISON,
701011814,MEDIMIX COOLSOAP  75 GM*4 BATH SOAP,DIVISON,
701011822,MEDIMIX FACE WASH 100 ML FACE,WASH,
701011873,MEDIMIX GLNCERIN 125 GM 3`S BATH SOAP,DIVISON,
701014351,MEDIMIX LIME SOAP 125 GM-5 BATH SOAP,DIVISON,
701011817,MEDIMIX SOAP  12 GM BATH SOAP,DIVISON,
701011877,MEDIMIX SOAP  50 GM. 5`S BATH SOAP,DIVISON,
701011816,MEDIMIX SOAP 75 GM.3`S BATH SOAP,DIVISON,
701014302,MIMI WET WIPES,DIAPER`S,
701011790,MISWAK TOOTH PASTE  50 GM TOOTH,PASTE,
701011770,MISWAK TOOTH PASTE 100 GM.TOOTH,PASTE,
701011771,MISWAK TOOTH PASTE 200 GM.TOOTH,PASTE,
701011775,MISWAK TOOTH PASTE 300 GM.TOOTH,PASTE,
701013502,MNSORE DETERGENT CAKE FREE GOODS,ARTICAL,
701010779,MNSORE SANDLE 150GM BATH SOAP,DIVISON,
701010778,MNSORE SANDLE 75GM BATH SOAP,DIVISON,
701014287,MONISION BLAM 200 GM BALM PRODUCT CODEPRODUCT NAME,COMPANY,
701013528,MONISONS BALM  25 GM,BALM,
701013529,MONISONS BALM  45GM.,BALM,
701013530,MONISONS BALM 100GM,BALM,
701013479,MOOV ADV.GEL 20 GM PARAS,PHARMA,
701014163,MOOV GEL 50 GM PARAS,PHARMA,
701012266,MOOV OINT  5 GM (10/=) PARAS,PHARMA,
701011368,MOOV OINT 10 GM PARAS,PHARMA,
701011369,MOOV OINT 15 GM PARAS,PHARMA,
701010191,MOOV OINT 25 GM PARAS,PHARMA,
701012267,MOOV OINT 50 GM. PARAS,PHARMA,
701012409,MOOV SPRAN BIG   80 GM PARAS,PHARMA,
701012408,MOOV SPRAN SMALL 35 GM PARAS,PHARMA,
701012401,MOOV SPRAY 15 GM PARAS,PHARMA,
701011159,MORTEIN INCS STICKS INSECTISIDE,ITEAM,
701012081,MORTEIN INSTA LIQUID INSECTISIDE,ITEAM,
701012080,MORTEIN INSTA MACHINE INSECTICIDE,MACHINE,
701012082,MORTEIN LIQUID MACHINE INSECTICIDE,MACHINE,
701012667,MORTEIN MOSQ .COIL 10`S BLACKINSECTISIDE,ITEAM,
701011935,MORTEIN SPRAN 250 ML. SMALLINSECTISIDE,ITEAM,
701011977,MOTHER HORLICKS 500 GM SMITHLINE BEACHKEME,LTD,
701012348,MR MAGIC  HANDWASH REFIL BATH SOAP,DIVISON,
701010540,MUGDHA HERBAL 1 LIT. SHAMPOO,DIVISON,
701010411,MUGDHA HERBAL 300ML SHAMPOO,DIVISON,
701010922,MUGDHA HERBAL 500ML SHAMPOO,DIVISON,
701010431,MUGDHA SANITIZER BATH SOAP,DIVISON,
701014314,MUGDHA SANITIZER 500 ML COMMON,PRODUCTS,
701013901,MUGHDHA H&B LOTION 30 ML FREE GOODS,ARTICAL,
701010829,MYSORE GOLD SOAP 125GM BATH SOAP,DIVISON,
701023508,MYSORE SANDAL TRIO 150*3 BATH SOAP,DIVISON,
701013251,NAN EXCELLA PRO-1 POWDER NESTLE,INDIA,
701013252,NAN EXCELLA PRO-2 POWDER NESTLE,INDIA,
701014156,NAN EXCELLA PRO-3 NESTLE,INDIA,
701013267,NAN LO-LAC INF. FORMULA 400 GMNESTLE,INDIA,
701010176,NAN-1 200 GM TIN BABY FOOD,PRODUCT.,
701013172,NAN-1 500 GM (R) NESTLE,INDIA,
701010171,NAN-1 500 GM TIN NESTLE,INDIA,
701013173,NAN-2 500 GM (R) NESTLE,INDIA,
701013261,NAN-3 500 GM (R) NESTLE,INDIA,
701013262,NAN-4 400GM REFILL NESTLE,INDIA,
701013171,NANGROW POW 400GM NESTLE,INDIA,
701013507,NATURS GOLD BLEACH 20 GM,BLEACH,
701011015,NATURS GOLD BLEACH.45 GM.,BLEACH,
701013717,NAVKAR INCENSE STICK. FREE GOODS,ARTICAL,
701012891,NAVRATNA COOL POWDER   30,GMNONE,
701011618,NAVRATNA OIL  50 ML (RED) COOL-COOL HAIR,OILL,
701010618,NAVRATNA OIL  50 ML.(GREEN) COOL-COOL HAIR,OILL,
701011619,NAVRATNA OIL 100 ML (RED) COOL-COOL HAIR,OILL,
701010619,NAVRATNA OIL 100 ML.(GREEN) COOL-COOL HAIR,OILL,
701010620,NAVRATNA OIL 200 ML (GREEN) COOL-COOL HAIR,OILL,
701011620,NAVRATNA OIL 200 ML (RED) COOL-COOL HAIR,OILL,
701010621,NAVRATNA OIL 300 ML      (RED) COOL-COOL HAIR OILL PRODUCT CODEPRODUCT NAME,COMPANY,
701010622,NAVRATNA OIL 500 ML (GREEN) COOL-COOL HAIR,OILL,
701013440,NAVRATNA OIL 500 ML (RED) COOL-COOL HAIR,OILL,
701013441,NAVRATNA OIL SACHET (RED) (24`SCOOL-COOL HAIR,OILL,
701012881,NAVRTANA COOL POWDER  50,GMEMAMI,
701012880,NAVRTNA COOL POWDER 100 GMTALC,POWDER.,
701013506,NEEMKA SHAMPOO PAUCH 2/- SHAMPOO,DIVISON,
701013030,NERA GLASS SET FREE FREE GOODS,ARTICAL,
701011167,NESCAFE BOTT. 25 GM NESTLE,INDIA,
701010858,NESCAFFE 15GM (R) NESTLE,INDIA,
701011514,NESTLE KITKAT ( 5/=) 60`S,CONFETIONERY/CHOCOLATES,
701011518,NESTLE KITKAT (10/-) 42 NESTLE,INDIA,
701013089,NESTLE KITKAT (20/-) 30,CONFETIONERY/CHOCOLATES,
701011519,NESTLE KITKAT (25/=) 28,CONFETIONERY/CHOCOLATES,
701011516,NESTLE KITKAT (35/=) 21`S,CONFETIONERY/CHOCOLATES,
701014188,NESTLE KITKAT (50/=) 14PC,CONFETIONERY/CHOCOLATES,
701014364,NESTLE MILKNBAR  5/=,CONFETIONERY/CHOCOLATES,
701013155,NESTLE MILKNBAR ECLAIRS,225`SCONFETIONERY/CHOCOLATES,
701013087,NESTLE MUNCH  10/=*35,CONFETIONERY/CHOCOLATES,
701013090,NESTLE MUNCH CHO.5/= (48/24),CONFETIONERY/CHOCOLATES,
701013086,NESTLE MUNCH MAXX 20/-*24,CONFETIONERY/CHOCOLATES,
701013533,NIPPO BABOLITE,OTHER,
701011266,NIVEA BATH SOAP 125 GM 2+2 OFERBATH SOAP,DIVISON,
701010139,NIVEA CREAM 30 GM WINTER,PRODUCT,
701010140,NIVEA CREAM 60 GM WINTER,PRODUCT,
701011037,NIVEA FACE WASH. FACE,WASH,
701011034,NIVEA FACE-WASH 100GM BIG FACE,WASH,
701012795,NIVEA LIP CARE WINTER,PRODUCT,
701010821,NIVEA MEN DARK SPOT CREME 30MLFACE,CREAM,
701010827,NIVEA SOFT CREAM  50 GM WINTER,PRODUCT,
701010828,NIVEA SOFT CREAM 100 GM WINTER,PRODUCT,
701010831,NIVEA SOFT CREAM 200 GM WINTER,PRODUCT,
701010825,NIVEA SOFT CREAM 25ML WINTER,PRODUCT,
701011032,NIVEA SOFT CREAM 300 GM WINTER,PRODUCT,
701010919,NNOVINO AAA PAGER POWER CELLPOWER,CELL,
701010920,NOVINO AA PENCIL POWER POWER,CELL,
701010926,NOVINO AAA PAGER CELL POWER,CELL,
701010921,NOVINO GOLD HNPER CELL POWER,CELL,
701013592,NUMBER FLASH CARD FREE * FREE GOODS,ARTICAL,
701014339,NYCIL BODY MIST HAINZE INDIA,LIMITED,
701010719,NYCIL POWDER MIX 10/= HAINZE INDIA,LIMITED,
701010379,ODOMOS CREAM 100GM INSECTISIDE,ITEAM,
701010377,ODOMOS CREAM 23GM INSECTISIDE,ITEAM,
701010378,ODOMOS CREAM 50GM INSECTISIDE,ITEAM,
701010385,ODOMOS FABIC ROLL ON 8ML BABY,PRODUCTS,
701010380,ODOMOS MOSQ.MACHINE INSECTISIDE,ITEAM,
701010956,ODONIL 50 GM  OFFER PACK AIR FRESHNER/ROOM,FRESHNER,
701010955,ODONIL AUTO SPRAY AIR FRESHNER/ROOM,FRESHNER,
701010382,ODONIL ROOM FRESHNER SPRAN 250AIR FRESHNER/ROOM,FRESHNER,
701013161,OLAN CREAM 50 GM FACE,CREAM,
701013365,OLAY NATURAL WHITE CREAM FACE,CREAM,
701014113,OLD SPICE AFTER SHAVE 50 MLAFTER SHAVE,LOTION,
701010527,OLDSPICE AFTER SHAVE 150 ML SPRAYAFTER SHAVE,LOTION,
701012603,OLIVIA OXN BLEACH 9GM,BLEACH,
701011124,ORAL B COMPL CL BRUSH 10+2 15/-TOOTH,BRUSH.,
701011126,ORAL B FRESH CL .NEEM T . B.25/= 10+2TOOTH,BRUSH.,
701014313,ORAL B SHINEYCLN T B TOOTH,BRUSH.,
701011127,ORAL B SHINEYCLN T B 20/=11+2TOOTH,BRUSH.,
701012772,ORAL-B 3IN1 HERBAL BRUSH 5+1TOOTH,BRUSH.,
701014258,ORAL- B BACT FIGHT T .BRUSH 30/= 6+2TOOTH,BRUSH.,
701014340,ORAL- B CAPH POWER T BRUSHTOOTH,BRUSH.,
701014015,ORAL-B CAVDEF-T. B.(30/-) 6+2 TOOTH,BRUSH.,
701014354,ORAL-B CDBACF 6S PACK TOOTH,BRUSH.,
701014342,ORAL-B KIDS T.BRUSH TOOTH,BRUSH.,
701013655,OSTO CALCIUM SNP.100 SMITHLINE BEACHKEME,LTD,
701013654,OSTO CALCIUM TAB.30`S SMITHLINE BEACHKEME,LTD,
701014241,P & G RISHTA POINT SCH.LESS,FR,
701013457,PACK OF 15 COTTON BALLS. FREE GOODS,ARTICAL,
701010905,PAGER CELL AAA. POWER,CELL,
701011424,PAMPERS PANT L   1`S,DIAPER`S,
701011428,PAMPERS PANT L   2`S,DIAPER`S,
701010588,PAMPERS PANT L   4`S,DIAPER`S,
701010591,PAMPERS PANT L   8`S,DIAPER`S,
701010596,PAMPERS PANT L  14,DIAPER`S,
701011427,PAMPERS PANT L  52`S,DIAPER`S,
701011423,PAMPERS PANT M  1`S DIAPER`S PRODUCT CODEPRODUCT NAME,COMPANY,
701013480,PAMPERS PANT M  2`S,DIAPER`S,
701010587,PAMPERS PANT M  4`S,DIAPER`S,
701010592,PAMPERS PANT M  9`S,DIAPER`S,
701013713,PAMPERS PANT M 15,DIAPER`S,
701011426,PAMPERS PANT M 60`S,DIAPER`S,
701014027,PAMPERS PANT NB  2`S,DIAPER`S,
701013629,PAMPERS PANT NB  4S,DIAPER`S,
701014158,PAMPERS PANT NB 10`S,DIAPER`S,
701013641,PAMPERS PANT NB 18PC,DIAPER`S,
701011422,PAMPERS PANT S  1`S,DIAPER`S,
701011429,PAMPERS PANT S  2`S,DIAPER`S,
701010586,PAMPERS PANT S  4`S,DIAPER`S,
701010589,PAMPERS PANT S  9`S,DIAPER`S,
701010590,PAMPERS PANT S 20,DIAPER`S,
701011430,PAMPERS PANT S 36`S,DIAPER`S,
701013962,PAMPERS PANT S 60`S,DIAPER`S,
701014297,PAMPERS PANT XL 1`S,DIAPER`S,
701014345,PAMPERS PANT XL 10`S,DIAPER`S,
701014237,PAMPERS PANT XL 17,DIAPER`S,
701011438,PAMPERS PANT XL 2`S,DIAPER`S,
701011425,PAMPERS PANT XL 5`S,DIAPER`S,
701010424,PAMPERS REG.LARGE  5`S,DIAPER`S,
701013141,PAMPERS REG.LARGE  9`S,DIAPER`S,
701012934,PAMPERS REG.LARGE 25`S,DIAPER`S,
701013246,PAMPERS REG.MEDIU. 9`S,DIAPER`S,
701012989,PAMPERS REG.MEDIU.25`S,DIAPER`S,
701010245,PANASONIC CELL AA BATTERN. POWER,CELL,
701010404,PARACHUT ALOVERA 400ML HAIR,OIL,
701010407,PARACHUTE ALOVERA H .OIL 150MLHAIR,OIL,
701010408,PARACHUTE ALOVERA H .OIL 250MLHAIR,OIL,
701010402,PARACHUTE COCONUT OIL   1 LITHAIR,OIL,
701011776,PARACHUTE COCONUT OIL   2 LITHAIR,OIL,
701011397,PARACHUTE COCONUT OIL  20 MLHAIR,OIL,
701010396,PARACHUTE COCONUT OIL  45 ML.HAIR,OIL,
701010399,PARACHUTE COCONUT OIL 100 MLHAIR,OIL,
701010400,PARACHUTE COCONUT OIL 175 MLHAIR,OIL,
701010395,PARACHUTE COCONUT OIL 200 MLHAIR,OIL,
701010403,PARACHUTE COCONUT OIL 250 ML.HAIR OIL PRODUCT CODEPRODUCT NAME,COMPANY,
701010401,PARACHUTE COCONUT OIL 500 MLHAIR,OIL,
701012126,PARACHUTE JASMINE OIL  24 MLWASHING,POWDER,
701012123,PARACHUTE JASMINE OIL  45 HAIR,OIL,
701012122,PARACHUTE JASMINE OIL  90 MLHAIR,OIL,
701012121,PARACHUTE JASMINE OIL 200 HAIR,OIL,
701012124,PARACHUTE JASMINE OIL 300 HAIR,OIL,
701012125,PARACHUTE JASMINE OIL 500 MLHAIR,OIL,
701013489,PARADONTEX TOOTH PASTE 80GMTOOTH,PASTE,
701014076,PATANJALI A. V. GEL SMALL FACE,CREAM,
701014080,PATANJALI A.V. GEL 150ML BIG FACE,CREAM,
701010423,PATANJALI COCONUT OIL 100ML HAIR,OIL,
701010422,PATANJALI COCONUT OIL 200ML HAIR,OIL,
701014077,PATANJALI SAU. FACE WASH FACE,WASH,
701014061,PAYTM FREE GOODS,ARTICAL,
701014316,PEARS BODY WASH BATH SOAP,DIVISON,
701010744,PEARS SOAP  75 GM 3`S (OFFER)BATH SOAP,DIVISON,
701010742,PEARS SOAP 125 GM OFFER PACKBATH SOAP DIVISON PRODUCT CODEPRODUCT NAME,COMPANY,
701010743,PEARS SOAP 45 GM (27/=) BATH SOAP,DIVISON,
701010907,PENCIL CELL AA POWER,CELL,
701011503,PEPSODENT 175+175 GM.TOOTH PASTOOTH,PASTE,
701011476,PEPSODENT 2 IN 1  80 GM. TOOTH,PASTE,
701011421,PEPSODENT 2 IN 1 150 GM TOOTH,PASTE,
701010854,PEPSODENT PASTE  40 GM TOOTH,PASTE,
701010857,PEPSODENT PASTE  80 GM. TOOTH,PASTE,
701010503,PEPSODENT PASTE 200 GM. TOOTH,PASTE,
701010853,PEPSODENT TOOTH PASTE 20GMTOOTH,PASTE,
701014124,PERCHURAN,FR,
701014357,PET SAFA COMMON,PRODUCTS,
701013651,PETROL...,NONE,
701013539,PLANING CARD. FREE GOODS,ARTICAL,
701010017,POLO MINI JAR  2/= 124+6,CONFETIONERY/CHOCOLATES,
701014365,POLO MINT 10/= 24PC,CONFETIONERY/CHOCOLATES,
701013427,POLO MINT 5/= JAR (68+4),CONFETIONERY/CHOCOLATES,
701014245,POLO MINT 5/= JAR 72`S,CONFETIONERY/CHOCOLATES,
701010013,POLO MINT BIG 10/-(24),CONFETIONERY/CHOCOLATES,
701013102,PONDS AGE MIRACALE BIG FACE,CREAM,
701013103,PONDS AGE MIRACLE 50 ML FACE CREAM PRODUCT CODEPRODUCT NAME,COMPANY,
701013194,PONDS BLACK CLE.FOAM 50GMFACE,CREAM,
701013196,PONDS BLACK CLE.FOAM 100 GMFACE,WASH,
701011382,PONDS BODY LOTION 22ML WINTER,PRODUCT,
701011381,PONDS BODY LOTION 50ML WINTER,PRODUCT,
701010444,PONDS COLD CREAM  25 GM. WINTER,PRODUCT,
701010445,PONDS COLD CREAM  50 GM WINTER,PRODUCT,
701014169,PONDS COLD CREAM 10/= WINTER,PRODUCT,
701010446,PONDS COLD CREAM 100 GM WINTER,PRODUCT,
701012500,PONDS COLD CREAM 8 GM. WINTER,PRODUCT,
701011383,PONDS DFT LOTION 100 ML WINTER,PRODUCT,
701011416,PONDS DFT LOTION 300ML WINTER,PRODUCT,
701013412,PONDS FACE WASH 100 GM FACE,WASH,
701013198,PONDS LGT CREAM BIG FACE,CREAM,
701013197,PONDS LGT CREAM SMALL FACE,CREAM,
701013190,PONDS LTH CREAM 12 GM MINI FACE,CREAM,
701011568,PONDS POWDER MAGIC   20 GMTALC,POWDER.,
701011004,PONDS POWDER MAGIC   50 GM.TALC,POWDER.,
701010334,PONDS POWDER MAGIC  100 GMTALC,POWDER.,
701010335,PONDS POWDER MAGIC  400 GMTALC,POWDER.,
701011003,PONDS POWDER REGUL.  50 GM.TALC,POWDER.,
701010332,PONDS POWDER REGUL. 100 GMTALC,POWDER.,
701010327,PONDS POWDER REGUL. 200 GMTALC,POWDER.,
701010333,PONDS POWDER REGUL. 400 GMTALC,POWDER.,
701011569,PONDS POWDER SANDAL  20 GMTALC POWDER. PRODUCT CODEPRODUCT NAME,COMPANY,
701010328,PONDS POWDER SANDAL  50 GMTALC,POWDER.,
701010329,PONDS POWDER SANDAL 100 GMTALC,POWDER.,
701010331,PONDS POWDER SANDAL 300 GMTALC,POWDER.,
701011434,PONDS SUN PROTECT 30SPF CREAMSUMMER,PRODUCT,
701012098,PONDS WH.BEAUTI CREAM 9GM (12FACE,CREAM,
701013074,PONDS WH.BEAUTI CREAM 15 GMFACE,CREAM,
701013072,PONDS WH.BEAUTI CREAM 25GMFACE,CREAM,
701013073,PONDS WH.BEAUTI CREAM 35GMFACE,CREAM,
701013485,PONDS WH.BEAUTI FOAM 100GMFACE,WASH,
701013075,PONDS WH.BEAUTN CREAM 50GM.FACE,CREAM,
701023517,POWERGESIC MR 10 TAB ITEMWISE,PRODUCTS,
701014137,PPROTINEX TASTY CHOC  200 GMDUMEX INDIA PVT,LTD:,
701010410,PREMIUM COLONE WATER 100MLCOMMON,PRODUCTS,
701011132,PREMIUM COLONE WATER 200MLCOMMON,PRODUCTS,
701010409,PREMIUM COLONE WATER 50MLCOMMON,PRODUCTS,
701013566,PRE-NAN 400 GM NESTLE,INDIA,
701013366,PRIL BAR.380 GM,OTHER,
701013000,PRINCE ITEM LIST BOOK. FREE GOODS ARTICAL PRODUCT CODEPRODUCT NAME,COMPANY,
701010146,PROTINEX ORIG.  200 GM(REFILL)DUMEX INDIA PVT,LTD:,
701012975,PROTINEX ORIG.  400 GM DUMEX INDIA PVT,LTD:,
701014134,PROTINEX TASTY CHOCO 400 GMDUMEX INDIA PVT,LTD:,
701013504,PUDIN HARA LEMONFEEZ POUCHFREE GOODS,ARTICAL,
701013521,PURCHURAN ITEM ON MRP,PRICEOTHER,
701011420,RAHAT ROOH OIL 300ML COOL-COOL HAIR,OILL,
701010420,RAHAT ROOH OIL.100 ML. COOL-COOL HAIR,OILL,
701010421,RAHAT ROOH OIL.200 ML. COOL-COOL HAIR,OILL,
701013013,RAHAT ROOH OIL.500 ML COOL-COOL HAIR,OILL,
701013475,RAPUNZEL 3D HAIR CLIP. FREE GOODS,ARTICAL,
701013473,RAPUNZEL 3D HAIR KIT. FREE GOODS,ARTICAL,
701013474,RAPUNZEL 3D RUBBER BAND. FREE GOODS,ARTICAL,
701013957,RASNA 2/= SINGAL POUCH,OTHER,
701023519,RAZO-D CAP 15 CAP ITEMWISE,PRODUCTS,
701014350,REALMAN MORNING DEO DEO,SPRAY,
701013404,RECHARGE COUPEN FREE GOODS,ARTICAL,
701013567,REEBOK WISHT WATCH. FREE GOODS,ARTICAL,
701023516,REGETRONE TAB. 10TAB ITEMWISE,PRODUCTS,
701013510,RELIANCE RECHARGE.,OTHER,
701023520,RETRUR UN REPLACE ITEM ITEMWISE PRODUCTS PRODUCT CODEPRODUCT NAME,COMPANY,
701014346,RIN (ALA) FABRIC WHITNER 200 MWASHING,POWDER,
701013094,RIN (ALA) FABRIC WHITNER 500 MTOILET,CLEANER,
701012376,RING GUARD  5 GM (10/=) PARAS,PHARMA,
701011722,RING GUARD CREAM 12 GM PARAS,PHARMA,
701012377,RING GUARD CREAM 25 GM. PARAS,PHARMA,
701012897,SAFOLA SALT POUCH 1 KG,NONE,
701013780,SANTOOR GLN.SOAP 50 GM FREE GOODS,ARTICAL,
701012884,SANTOOR SOAP 125 GM 4`S BATH SOAP,DIVISON,
701012889,SANTOOR SOAP 125GM*4+1 BIGBATH SOAP,DIVISON,
701012883,SANTOOR SOAP 68 GM 4+1,100/=NONE,
701013152,SANTOOR SOAP 75 GM FREE GOODS,ARTICAL,
701012885,SANTOOR SOAP ALO -VERA,100GMNONE,
701012894,SANTOOR WHITE SOAP(100*4) BATH SOAP,DIVISON,
701011866,SARIDON TABLET COMMON,PRODUCTS,
701013131,SAU FRESH SHEAR,NONE,
701014070,SAUNDARYA FACE WASH 100GM.FACE,WASH,
701011656,SAVLON LIQUID 200 ML JOHNSON &,JOHNSON,
701011150,SAVLON POWDER H .W.POUCH 10/-BATH SOAP,DIVISON,
701012066,SAVLON SOAP  75 GM (3) PACK BATH SOAP,DIVISON,
701012067,SAVLON SOAP 125*3 OFER PACKBATH SOAP,DIVISON,
701011161,SAVLON SOAP 45 GM(10/-) BATH SOAP,DIVISON,
701012873,SCHEME LESS 12.5%,NONE,
701012874,SCHEME LESS 4%,NONE,
701014044,SCHEME LESS CESS,FR,
701013588,SENSODNNE BRUSH(2+1)OFFERTOOTH,BRUSH.,
701013664,SENSODNNE R&P T.P. 75 GM TOOTH,PASTE,
701013665,SENSODNNE R&P T.P.150 GM TOOTH,PASTE,
701013585,SENSODNNE TOOTH BRUSH 6*50/-TOOTH,BRUSH.,
701013885,SENSODNNE WHITING T .P.70 GMTOOTH,PASTE,
701014359,SENSODYNE GUM PASTE 70 GMTOOTH,PASTE,
701014007,SENSODYNE PASTE 20 GM,FR,
701012896,SENSODYNE T .BRUSH 30/= 10+2 FREEHAIR DYE/HAIR,COLOUR,
701013482,SENSODYNE TOOTH PASTE 20GMTOOTH,PASTE,
701013488,SENSODYNE ULTRA SEN BRUSH OFFERTOOTH,BRUSH.,
701013864,SESA HAIR FOOD FREE GOODS,ARTICAL,
701013579,SESA HAIR OIL 100 ML FREG. FREE GOODS,ARTICAL,
701012134,SESA HAIR OIL 50 ML HAIR,OIL,
701012135,SESA HAIR OILL 100 ML. HAIR,OIL,
701012226,SESA HAIR OILL 200 ML. HAIR,OIL,
701012497,SET WET SHAMPO. SACHAT .7.5M(20)SHAMPOO,DIVISON,
701013052,SHAMPOO SINGAL POUCH FREE GOODS,ARTICAL,
701012905,SHANTI AMLA HAIR OIL  34 ML COOL-COOL HAIR,OILL,
701012220,SHANTI AMLA HAIR OIL  78 ML COOL-COOL HAIR,OILL,
701012289,SHANTI AMLA HAIR OIL 190 ML. COOL-COOL HAIR,OILL,
701012288,SHANTI AMLA HAIR OIL 300 ML COOL-COOL HAIR,OILL,
701012779,SHANTI AMLA HAIR OIL 500 ML COOL-COOL HAIR,OILL,
701013512,SHNAMRI HEENA MEHENDI. FREE GOODS,ARTICAL,
701013471,SHOOPING THALO FREE GOODS,ARTICAL,
701014259,SIMILAC 1 200GM JAR,ABBOTT,
701014256,SIMILAC -1 400 GM REFFILE,ABBOTT,
701014264,SIMILAC 4 400GM BABY FOOD,PRODUCT.,
701014304,SIMILAC IQ 1 400 GM JAR BABY FOOD,PRODUCT.,
701014305,SIMILAC IQ 2 400 GM JAR BABY FOOD,PRODUCT.,
701014298,SIMILAC ISOMIL 400 GM BABY,PRODUCTS,
701014249,SIMILAC NEOSURE 400GM TIN BABY FOOD,PRODUCT.,
701014337,SIMILAC PLUS-1 400 GM JAR,ABBOTT,
701014338,SIMILAC PLUS-2 400 GM JAR,ABBOTT,
701014253,SIMILAC-1 400 GM JAR,ABBOTT,
701014291,SIMILAC-1 ADVANCE 400 GM BABY FOOD,PRODUCT.,
701014254,SIMILAC-2 400 GM REFF.,ABBOTT,
701014255,SIMILAC-3 400 GM REFF.,ABBOTT,
701011537,SOFY AB XL 7 PC SANETORY,PADS,
701011536,SOFY REGULAR 7 PC SANETORY,PADS,
701011538,SOFY XL-18 SANATARY PED SANETORY,PADS,
701011524,SPINZ  BB CREAM PAUCH 5.8GMFACE,CREAM,
701012332,SPINZ BB  TALC 50 GM TALC,POWDER.,
701012335,SPINZ BB FAIRNESS CREAM 29GMFACE,CREAM,
701012334,SPINZ BB TALC 100 GM TALC,POWDER.,
701014109,SPINZE BB CREAM 15 GM FACE,CREAM,
701012333,SPINZE BBTALC 15 GM TALC,POWDER.,
701011585,STANFREE SEQURE 20`S SANETORY,PADS,
701012453,STANFREE SURE 10`S SANETORY,PADS,
701011956,STANFREE XL 20`S SANETORY,PADS,
701011957,STAY FREE ALL NIGHT 7`S SANETORY PADS PRODUCT CODEPRODUCT NAME,COMPANY,
701011954,STAY FREE DRY XL 7`S SANETORY,PADS,
701013023,STAY FREE ULTRA. SANETORY,PADS,
701013839,STAYFREE  ALL NIGHT 14`S SANETORY,PADS,
701011953,STAYFREE XL 40`S AIR FRESHNER/ROOM,FRESHNER,
701010190,STOPACHE TAB. PARAS,PHARMA,
701013174,STREAX SERUM  45 ML HAIR,OIL,
701013781,STREAX SERUM 100ML HAIR,OIL,
701014355,STREAX SERUM 10ML HAIR,OIL,
701013178,STREAX SERUM 25ML HAIR,OIL,
701013035,STREAX TOUCH UP COLOR PAUCH 15/-HAIR DYE/HAIR,COLOUR,
701012688,STREPSILS BIG JAR 200+20,R.C.I.,
701012618,STREX SERUM 1.7ML PAUCH HAIR,OIL,
701012794,SUGAR FREE POWDER 100 GM COMMON,PRODUCTS,
701010962,SUGAR FREE TABLET 100`S PACKCOMMON,PRODUCTS,
701010961,SUGAR FREE TABLET 300`S PACK .COMMON,PRODUCTS,
701010963,SUGAR FREE TABLET 500`S PACKCOMMON,PRODUCTS,
701010999,SUNRISE EXTRA SACH(5*200) NESTLE,INDIA,
701010998,SUNRISE PREMIUM SACH.80/- NESTLE,INDIA,
701011706,SUNSILK CONDITINER 180 ML SHAMPOO,DIVISON,
701010355,SUPER VASMOL-33 SMALL HAIR DYE/HAIR,COLOUR,
701010364,SUPER VASMOL-33.BIG HAIR DYE/HAIR,COLOUR,
701013133,SUPERMAX SALLON RAZOR,NONE,
701014251,TCS@ 0.075%,NONE,
701011593,TEDDY PANTS  L-1,DIAPER`S,
701014100,TEDDY PANTS  L-20,DIAPER`S,
701011600,TEDDY PANTS  L-34 DIAPER`S PRODUCT CODEPRODUCT NAME,COMPANY,
701014196,TEDDY PANTS  L-50,DIAPER`S,
701011592,TEDDY PANTS  M-1,DIAPER`S,
701011599,TEDDY PANTS  M-36,DIAPER`S,
701014265,TEDDY PANTS  M-54,DIAPER`S,
701011591,TEDDY PANTS  S-1,DIAPER`S,
701014098,TEDDY PANTS  S-20,DIAPER`S,
701011598,TEDDY PANTS  S-46,DIAPER`S,
701014269,TEDDY PANTS  S-70,DIAPER`S,
701014155,TEDDY PANTS  XL-10,DIAPER`S,
701013966,TEDDY PANTS  XL-28,DIAPER`S,
701014290,THALO,FR,
701010388,TONA CREAMN SNUFF TUBE 70GMTOOTH,PASTE,
701010397,TONA MANJAN TOOTH,POWDER,
701011724,TRESEME KT SERUM 25ML HAIR CREAM/HAIR,GEL,
701013671,TRESEME SH+ CD TWIN PACK 14MLSHAMPOO,DIVISON,
701011714,TRESEMME CONDITIONER 100MLSHAMPOO,DIVISON,
701011717,TRESME SHAMPOO 340ML SHAMPOO,DIVISON,
701013898,TRESSME SHAMP+COND COMBOSHAMPOO,DIVISON,
701014341,TRIOMIL LF POW 400GM BABY FOOD,PRODUCT.,
701010095,TTANG INS.DRINK MIX 200GM BABY FOOD,PRODUCT.,
701011195,TTANG ORANG 500 GM. PIOMA,INDUSTRIES,
701023515,ULTRCET TAB.15 TAB ITEMWISE,PRODUCTS,
701014273,UNREPLACEMENT GOODS,RETURNFR,
701010004,V WASH PLUS 100ML FACE,WASH,
701010008,V WASH PLUS 20ML FACE,WASH,
701013511,VANISH SACHET 90 GM FREE GOODS ARTICAL PRODUCT CODEPRODUCT NAME,COMPANY,
701011777,VASE . ALOE- VERA B.LOT.200MLWINTER,PRODUCT,
701010748,VASE.(CB) BODN LOT.  20 ML WINTER,PRODUCT,
701010749,VASE.(CB) BODN LOT.  50 ML WINTER,PRODUCT,
701010759,VASE.(CB) BODN LOT. 100 ML. WINTER,PRODUCT,
701011768,VASE.(CB) BODN LOT. 200 M WINTER,PRODUCT,
701011760,VASE.(CB) BODN LOT. 300 M WINTER,PRODUCT,
701011754,VASE.ALO-VERA B.L.300 ML SUMMER,PRODUCT,
701013789,VASE.H.W.LOTION 20 ML FREE GOODS,ARTICAL,
701010851,VASE.TOTAL LIP CARE 10 GM WINTER,PRODUCT,
701011751,VASELIN BODN LOTION  25 ML WINTER,PRODUCT,
701011750,VASELIN BODN LOTION  40 ML. WINTER,PRODUCT,
701011752,VASELIN BODN LOTION 100 ML WINTER,PRODUCT,
701013631,VASELIN BODN LOTION 200 ML WINTER,PRODUCT,
701011753,VASELIN BODN LOTION 300 ML WINTER,PRODUCT,
701010925,VASELINE WPJ 85 GM WINTER,PRODUCT,
701013679,VASELINE.T.M.POUCH. FREE GOODS,ARTICAL,
701010899,VASELLINE W.P.J.  5 GM  5/= WINTER,PRODUCT,
701010898,VASELLINE W.P.J. 10 GM 10/= WINTER,PRODUCT,
701010901,VASELLINE W.P.J. 25 GM WINTER,PRODUCT,
701010900,VASELLINE W.P.J. 50 GM WINTER,PRODUCT,
701014036,VASELLINE W.P.J.100 GM WINTER,PRODUCT,
701011012,VATICA HAIR OIL  75 ML. HAIR,OIL,
701011006,VATICA HAIR OIL 150ML. HAIR,OIL,
701011118,VATICA HAIR OIL 300ML HAIR,OIL,
701014344,VATICA HAIR OIL 450ML HAIR,OIL,
701012702,VEET HR SMALL (30/-) HAIR,REMOVER/WAX,
701013633,VICCO FOAM FREE FREE GOODS,ARTICAL,
701010259,VICCO PASTE  50GM TOOTH,PASTE,
701010260,VICCO PASTE 100GM TOOTH,PASTE,
701010262,VICCO PASTE 200GM TOOTH,PASTE,
701010254,VICCO POWDER  25GM. TOOTH,POWDER,
701010255,VICCO POWDER  50GM TOOTH,POWDER,
701010256,VICCO POWDER 100GM TOOTH,POWDER,
701011208,VICCO T.V. 15GM FACE,CREAM,
701010263,VICCO T.V. 30GM FACE,CREAM,
701010264,VICCO T.V. 50GM FACE,CREAM,
701010265,VICCO T.V. 70GM FACE,CREAM,
701014352,VICCO T.V.ALO. 30GM FACE,CREAM,
701014094,VICCO TV ALO 15 GM FACE,CREAM,
701010211,VICKS (BABYRUB) 10ML P.&,G.,
701010208,VICKS (BABYRUB) 25ML P.&,G.,
701014043,VICKS (BABYRUB) 50ML P.&,G.,
701010215,VICKS 3IN1 LOGENCES TAB P.&,G.,
701010213,VICKS ACTION 500 (11+1 FR) P.&,G.,
701010209,VICKS COUGH DROP 105+5 JAR P.&,G.,
701012855,VICKS COUGH DROP 1075+125 FREEP.&,G.,
701012998,VICKS COUGH DROP 205+5 FREEP.&,G.,
701012933,VICKS COUGH DROPS 850+100 FREP.&,G.,
701010224,VICKS INHALER P.&,G.,
701014294,VICKS ROLLON INHALER P.&,G.,
701010207,VICKS SINGAL 185+15 TAB JAR P.&,G.,
701010203,VICKS VAPORUB  5 GM P.&,G.,
701010202,VICKS VAPORUB 10 GM P.&,G.,
701010204,VICKS VAPORUB 25 GM P.&,G.,
701010205,VICKS VAPORUB 50 GM P.&,G.,
701010206,VICKS VAPORUB BIG 110ML,BALM,
701010883,VI-JOHN HAIR REMOVER HAIR,REMOVER/WAX,
701010885,VI-JOHN SHAVING CREAM 125GMS.SHAVING,CREAM.,
701011000,VI-JOHN SHAVING CREAM 30GM.SHAVING CREAM. PRODUCT CODEPRODUCT NAME,COMPANY,
701013573,VI-JOHN TOOTH PASTE. FREE GOODS,ARTICAL,
701014289,VOLINI GEL 15 GM COMMON,PRODUCTS,
701023509,VVICKS ACTION 500 (11+1 FR) COMMON,PRODUCTS,
701023513,WHEEL SOAP 10/- ITEMWISE,PRODUCTS,
701012864,WHISPER CHOICE ON XXL 16S SANETORY,PADS,
701012860,WHISPER CHOICE ON XXL 6S SANETORY,PADS,
701012870,WHISPER CHOICE REGULAR 20`SSANETORY,PADS,
701014087,WHISPER CHOICE TUBE   8`S SANETORY,PADS,
701012856,WHISPER CHOICE ULTRA  20`S SANETORY,PADS,
701012861,WHISPER CHOICE ULTRA 6`S SANETORY,PADS,
701012862,WHISPER CHOICE WINGS 8`S SANETORY,PADS,
701012867,WHISPER CHOICE X.L.6`S SANETORY,PADS,
701011975,WHISPER ULTRA BLACK 15PC SANETORY,PADS,
701011976,WHISPER ULTRA BLACK 7`S SANETORY,PADS,
701011972,WHISPER ULTRA PINK 7`S SANETORY,PADS,
701013491,WHITE TONE CREAM 35 GM 99/=FACE,CREAM,
701013499,WHITE TONE CREAM 70 GM FACE,CREAM,
701013500,WHITE TONE POW /CREAM 15 GM.FACE,CREAM,
701013494,WHITETONE 30GM POW. 55/= TALC,POWDER.,
701013493,WHITETONE 50GM POW. 75/= TALC,POWDER.,
701013424,WHITETONE 70GM POW.100/= TALC,POWDER.,
701014162,WHITETONE CREAM 15GM FACE,CREAM,
701013495,WHITETONE CREAM 25GM BATH SOAP,DIVISON,
701013697,WILD STONE SOAP 3`S BIG BATH SOAP,DIVISON,
701013376,WILD STONE SOAP 75GM*3+1 OFERBATH SOAP,DIVISON,
701010979,WILKINSON BLADE SALOON SHAVING,BLADES,
701012906,WONDERIZE ULTRA DRY XL 30PCSANETORY,PADS,
701011211,Z TALC POWDER  50 GM TALC,POWDER.,
701011212,Z TALC POWDER 100 GM TALC,POWDER.,
701011210,Z TALC POWDER 200GM. TALC,POWDER.,
701010271,ZANDU BAL ULTRA 25 ML,BALM,
701010270,ZANDU BALM 10GM SMALL,BALM,
701011270,ZANDU BALM 30 GM,BALM,
701014349,ZANDU BALM 4 ML 12`S COMMON,PRODUCTS,
701010272,ZANDU BALM ULTRA 8 ML,BALM,
701013603,ZANDU HINGASTAK CHURAN. FREE GOODS,ARTICAL,
701013351,ZANDU HONEN 40 GM FREE FREE GOODS,ARTICAL,
701012628,ZANDU ORTHO VEDIK OIL 50ML COMMON,PRODUCTS,
701013604,ZANDU RASANAN CHRUN. FREE GOODS ARTICAL PRODUCT CODEPRODUCT NAME,COMPANY,
701013605,ZANDU SUVARNA VASANTMALTI FREE GOODS,ARTICAL,
701023511,ZEROX PAPER A-4 COMMON,PRODUCTS,
